FORMULARIO;CODIGO_ACCIDENTE;FECHA;CODIGO_VICTIMA;CODIGO_VEHICULO;TIPO_ACTOR;ESTADO;GENERO;EDAD;GRAVEDAD;CLASE_SINIESTRO;DIRECCION;LONGITUD;LATITUD;CODIGO_LOCALIDAD;TOTAL_HERIDOS;TOTAL_MUERTOS;MOD_VEHICULO;CLASE_VEHICULO;SERVICIO_VEHICULO;CODIGO_CAUSA
A316;10876;9/09/2021;0;1;MOTOCICLISTA;ILESO;MASCULINO;37;3;1;CL 52 B  S- KR 24   02;-74.132.175.235;457.632.322.000.001;6;;;2015;10;3;134
A317;10877;3/09/2021;1;2;CONDUCTOR;ILESO;FEMENINO;26;3;1;KR 45  - CL 187   02;-74.043.966.075;476.260.129.799.999;1;;;2011;1;3;103
A318;10878;3/09/2021;0;1;CONDUCTOR;ILESO;MASCULINO;57;3;1;KR 45  - CL 187   02;-74.043.966.075;476.260.129.799.999;1;;;1992;4;2;103
A319;10879;10/09/2021;1;2;CONDUCTOR;ILESO;MASCULINO;53;3;1;KR 87  - CL 10   02;-74.149.389.049;4.651.592.811;8;;;2018;4;2;121
A320;10880;10/09/2021;0;1;CONDUCTOR;ILESO;MASCULINO;42;3;1;KR 87  - CL 10   02;-74.149.389.049;4.651.592.811;8;;;2007;1;3;121
A321;10881;8/09/2021;1;2;CONDUCTOR;ILESO;MASCULINO;34;3;1;CL 17  - KR 96 A  89;-74.141.527.697;466.675.095.400.001;9;;;2017;2;2;134
A322;10882;8/09/2021;1;2;CONDUCTOR;ILESO;MASCULINO;34;3;1;CL 17  - KR 96 A  89;-74.141.527.697;466.675.095.400.001;9;;;2017;2;2;157
A323;10883;8/09/2021;0;1;CONDUCTOR;ILESO;MASCULINO;60;3;1;CL 17  - KR 96 A  89;-74.141.527.697;466.675.095.400.001;9;;;2019;2;2;134
A324;10884;8/09/2021;0;1;CONDUCTOR;ILESO;MASCULINO;60;3;1;CL 17  - KR 96 A  89;-74.141.527.697;466.675.095.400.001;9;;;2019;2;2;157
A325;10885;8/09/2021;1;2;CONDUCTOR;ILESO;MASCULINO;25;3;1;KR 87 A  - CL 6 A  02;-7.415.578.887;464.439.897.699.998;8;;;2013;1;2;103
A326;10886;8/09/2021;0;1;CONDUCTOR;ILESO;MASCULINO;30;3;1;KR 87 A  - CL 6 A  02;-7.415.578.887;464.439.897.699.998;8;;;2014;2;2;103
A327;10887;11/09/2021;1;2;CONDUCTOR;ILESO;MASCULINO;32;3;1;KR 77 A  - CL 66   02;-74.104.754.697;468.484.135.300.002;10;;;2005;5;2;157
A328;10888;11/09/2021;1;2;CONDUCTOR;ILESO;MASCULINO;32;3;1;KR 77 A  - CL 66   02;-74.104.754.697;468.484.135.300.002;10;;;2005;5;2;157
A329;10889;11/09/2021;0;1;CONDUCTOR;ILESO;MASCULINO;29;3;1;KR 77 A  - CL 66   02;-74.104.754.697;468.484.135.300.002;10;;;2010;2;2;157
A330;10890;11/09/2021;0;1;CONDUCTOR;ILESO;MASCULINO;29;3;1;KR 77 A  - CL 66   02;-74.104.754.697;468.484.135.300.002;10;;;2010;2;2;157
A331;10891;9/09/2021;1;2;CONDUCTOR;ILESO;MASCULINO;23;3;1;KR 14 A  - CL 92  S 02;-74.115.592.562;450.586.585.799.999;5;;;2016;1;3;112
A332;10892;9/09/2021;0;1;CONDUCTOR;ILESO;MASCULINO;68;3;1;KR 14 A  - CL 92  S 02;-74.115.592.562;450.586.585.799.999;5;;;2016;1;3;112
A333;10893;10/09/2021;1;2;CONDUCTOR;ILESO;MASCULINO;41;3;1;CL 72  - KR 103 A  02;-74.118.674.984;470.549.978.899.999;10;;;2021;8;2;103
A334;10894;10/09/2021;0;1;CONDUCTOR;ILESO;MASCULINO;42;3;1;CL 72  - KR 103 A  02;-74.118.674.984;470.549.978.899.999;10;;;2017;1;3;103
A335;10895;11/09/2021;1;2;CONDUCTOR;ILESO;MASCULINO;50;3;1;CL 80  - KR 96   02;-74.110.626.996;470.873.403.799.999;10;;;2006;8;2;106
A336;10896;11/09/2021;0;1;CONDUCTOR;ILESO;FEMENINO;44;3;1;CL 80  - KR 96   02;-74.110.626.996;470.873.403.799.999;10;;;2014;1;3;106
A337;10897;10/09/2021;1;2;MOTOCICLISTA;ILESO;FEMENINO;26;3;1;DG 40  S- TV 34 F  02;-74.126.785.387;459.148.374.099.999;16;;;2021;10;3;157
A338;10898;10/09/2021;1;2;MOTOCICLISTA;ILESO;FEMENINO;26;3;1;DG 40  S- TV 34 F  02;-74.126.785.387;459.148.374.099.999;16;;;2021;10;3;157
A339;10899;10/09/2021;0;1;CONDUCTOR;ILESO;MASCULINO;44;3;1;DG 40  S- TV 34 F  02;-74.126.785.387;459.148.374.099.999;16;;;2018;5;3;157
A340;10900;10/09/2021;0;1;CONDUCTOR;ILESO;MASCULINO;44;3;1;DG 40  S- TV 34 F  02;-74.126.785.387;459.148.374.099.999;16;;;2018;5;3;157
A341;10901;13/09/2021;1;2;CONDUCTOR;ILESO;MASCULINO;47;3;1;CL 1  - KR 26   02;-74.101.498.326;459.494.634.000.004;14;;;2015;6;3;121
A342;10902;13/09/2021;0;1;CONDUCTOR;ILESO;MASCULINO;58;3;1;CL 1  - KR 26   02;-74.101.498.326;459.494.634.000.004;14;;;2021;5;2;121
A343;10903;10/09/2021;1;2;CONDUCTOR;ILESO;MASCULINO;53;3;1;KR 72  - CL 68 B  02;-7.409.797.587;4.683.435.417;10;;;2019;2;2;157
A344;10904;10/09/2021;1;2;CONDUCTOR;ILESO;MASCULINO;53;3;1;KR 72  - CL 68 B  02;-7.409.797.587;4.683.435.417;10;;;2019;2;2;157
A345;10905;10/09/2021;0;1;CONDUCTOR;ILESO;MASCULINO;49;3;1;KR 72  - CL 68 B  02;-7.409.797.587;4.683.435.417;10;;;2008;8;2;157
A346;10906;10/09/2021;0;1;CONDUCTOR;ILESO;MASCULINO;49;3;1;KR 72  - CL 68 B  02;-7.409.797.587;4.683.435.417;10;;;2008;8;2;157
A347;10907;10/09/2021;1;2;CONDUCTOR;ILESO;MASCULINO;56;3;1;KR 7 B  - CL 9  S 02;-74.087.168.329;458.105.823.300.002;4;;;1986;1;3;123
A348;10908;10/09/2021;1;2;CONDUCTOR;ILESO;MASCULINO;56;3;1;KR 7 B  - CL 9  S 02;-74.087.168.329;458.105.823.300.002;4;;;1986;1;3;123
A349;10909;10/09/2021;0;1;CONDUCTOR;ILESO;MASCULINO;31;3;1;KR 7 B  - CL 9  S 02;-74.087.168.329;458.105.823.300.002;4;;;2015;5;3;123
A350;10910;10/09/2021;0;1;CONDUCTOR;ILESO;MASCULINO;31;3;1;KR 7 B  - CL 9  S 02;-74.087.168.329;458.105.823.300.002;4;;;2015;5;3;123
A351;10911;10/09/2021;1;2;CONDUCTOR;ILESO;FEMENINO;54;3;1;KR 30  - CL 63   02;-74.078.301.288;465.189.374.100.004;13;;;2018;5;3;121
A352;10912;10/09/2021;0;1;CONDUCTOR;ILESO;MASCULINO;24;3;1;KR 30  - CL 63   02;-74.078.301.288;465.189.374.100.004;13;;;2014;1;3;121
A353;10913;11/09/2021;1;2;CONDUCTOR;ILESO;MASCULINO;37;3;1;AV AVENIDA DE LAS AMERICAS - KR 50   02;-74.108.558.563;462.804.329.300.002;16;;;2010;5;1;103
A354;10914;11/09/2021;1;2;CONDUCTOR;ILESO;MASCULINO;37;3;1;AV AVENIDA DE LAS AMERICAS - KR 50   02;-74.108.558.563;462.804.329.300.002;16;;;2010;5;1;132
A355;10915;11/09/2021;0;1;CONDUCTOR;ILESO;FEMENINO;52;3;1;AV AVENIDA DE LAS AMERICAS - KR 50   02;-74.108.558.563;462.804.329.300.002;16;;;2011;1;3;103
A356;10916;11/09/2021;0;1;CONDUCTOR;ILESO;FEMENINO;52;3;1;AV AVENIDA DE LAS AMERICAS - KR 50   02;-74.108.558.563;462.804.329.300.002;16;;;2011;1;3;132
A357;10917;12/09/2021;2;;PEATON;HERIDO;MASCULINO;6;2;2;CL 17 A A S- KR 2 A  E 50;-74.085.723.232;457.306.774.099.999;4;1;;;;;157
A358;10918;12/09/2021;1;2;CICLISTA;ILESO;MASCULINO;26;2;2;CL 17 A A S- KR 2 A  E 50;-74.085.723.232;457.306.774.099.999;4;1;;;13;0;157
A359;10919;12/09/2021;0;1;CONDUCTOR;;;;2;2;CL 17 A A S- KR 2 A  E 50;-74.085.723.232;457.306.774.099.999;4;1;;;0;0;157
A360;10920;14/09/2021;1;2;MOTOCICLISTA;HERIDO;MASCULINO;26;2;1;KR 13  - CL 51   02;-74.065.478.992;463.828.953.400.002;2;2;;2021;10;3;103
A361;10921;14/09/2021;2;2;ACOMPANANTE;HERIDO;FEMENINO;29;2;1;KR 13  - CL 51   02;-74.065.478.992;463.828.953.400.002;2;2;;2021;10;3;103
A362;10922;14/09/2021;0;1;CONDUCTOR;ILESO;MASCULINO;26;2;1;KR 13  - CL 51   02;-74.065.478.992;463.828.953.400.002;2;2;;2007;5;3;103
A363;10923;12/09/2021;0;1;CONDUCTOR;ILESO;MASCULINO;20;3;1;KR 22  - CL 58 B  S 02;-74.142.488.401;456.971.714.500.003;19;;;1986;1;3;139
A364;10924;14/09/2021;0;1;CONDUCTOR;ILESO;MASCULINO;46;2;4;KR 77 G  - CL 65  S 02;-741.800.840.879.999;459.707.020.700.006;7;1;;2012;2;2;119
A365;10925;14/09/2021;1;1;PASAJERO;HERIDO;FEMENINO;44;2;4;KR 77 G  - CL 65  S 02;-741.800.840.879.999;459.707.020.700.006;7;1;;2012;2;2;119
A366;10926;14/09/2021;0;1;CONDUCTOR;ILESO;MASCULINO;46;2;4;KR 77 G  - CL 65  S 02;-741.800.840.879.999;459.707.020.700.006;7;1;;2012;2;2;506
A367;10927;14/09/2021;1;1;PASAJERO;HERIDO;FEMENINO;44;2;4;KR 77 G  - CL 65  S 02;-741.800.840.879.999;459.707.020.700.006;7;1;;2012;2;2;506
A368;10928;12/09/2021;1;2;CONDUCTOR;ILESO;MASCULINO;58;3;1;KR 55 A  - CL 167 C  02;-74.056.060.338;4.750.800.481;11;;;2009;1;2;103
A369;10929;12/09/2021;0;1;CONDUCTOR;ILESO;MASCULINO;54;3;1;KR 55 A  - CL 167 C  02;-74.056.060.338;4.750.800.481;11;;;2009;1;3;103
A370;10930;12/09/2021;1;2;CONDUCTOR;ILESO;FEMENINO;22;3;1;KR 72  - CL 25 B  02;-74.113.650.158;466.451.901.099.998;9;;;2020;1;2;121
A371;10931;12/09/2021;0;1;CONDUCTOR;ILESO;MASCULINO;29;3;1;KR 72  - CL 25 B  02;-74.113.650.158;466.451.901.099.998;9;;;2020;1;2;121
A372;10932;12/09/2021;1;2;CONDUCTOR;ILESO;MASCULINO;66;3;1;CL 130 A BIS A - KR 88 A  11;-74.086.544.411;472.615.818.700.001;11;;;2006;1;3;157
A373;10933;12/09/2021;0;1;CONDUCTOR;ILESO;MASCULINO;37;3;1;CL 130 A BIS A - KR 88 A  11;-74.086.544.411;472.615.818.700.001;11;;;2015;1;3;157
A374;10934;13/09/2021;1;2;CONDUCTOR;ILESO;MASCULINO;48;3;1;KR 47  - CL 12 A  02;-7.410.538.316;462.406.728.799.999;16;;;2021;1;3;121
A375;10935;13/09/2021;0;1;CONDUCTOR;ILESO;MASCULINO;25;3;1;KR 47  - CL 12 A  02;-7.410.538.316;462.406.728.799.999;16;;;2009;8;2;121
A376;10936;12/09/2021;1;2;CONDUCTOR;ILESO;MASCULINO;48;3;1;AV AVENIDA PRIMERO DE MAYO - KR 10   02;-740.944.781.109.999;457.567.275.400.004;4;;;2013;1;3;121
A377;10937;12/09/2021;0;1;CONDUCTOR;ILESO;MASCULINO;56;3;1;AV AVENIDA PRIMERO DE MAYO - KR 10   02;-740.944.781.109.999;457.567.275.400.004;4;;;2008;1;3;121
A378;10938;11/09/2021;1;2;CONDUCTOR;ILESO;MASCULINO;44;3;1;KR 24  - CL 72   02;-74.067.158.392;4.663.227.543;12;;;2011;1;3;142
A379;10939;11/09/2021;1;2;CONDUCTOR;ILESO;MASCULINO;44;3;1;KR 24  - CL 72   02;-74.067.158.392;4.663.227.543;12;;;2011;1;3;142
A380;10940;11/09/2021;1;2;CONDUCTOR;ILESO;MASCULINO;44;3;1;KR 24  - CL 72   02;-74.067.158.392;4.663.227.543;12;;;2011;1;3;304
A381;10941;11/09/2021;0;1;CONDUCTOR;ILESO;MASCULINO;30;3;1;KR 24  - CL 72   02;-74.067.158.392;4.663.227.543;12;;;2014;2;2;142
A382;10942;11/09/2021;0;1;CONDUCTOR;ILESO;MASCULINO;30;3;1;KR 24  - CL 72   02;-74.067.158.392;4.663.227.543;12;;;2014;2;2;142
A383;10943;11/09/2021;0;1;CONDUCTOR;ILESO;MASCULINO;30;3;1;KR 24  - CL 72   02;-74.067.158.392;4.663.227.543;12;;;2014;2;2;304
A384;10944;13/09/2021;1;2;MOTOCICLISTA;HERIDO;MASCULINO;32;2;1;KR 79  - CL 42 B  S 02;-74.162.417.658;461.933.659.099.998;8;3;;2013;10;3;105
A385;10945;13/09/2021;2;2;ACOMPANANTE;HERIDO;MASCULINO;30;2;1;KR 79  - CL 42 B  S 02;-74.162.417.658;461.933.659.099.998;8;3;;2013;10;3;105
A386;10946;13/09/2021;0;1;CONDUCTOR;HERIDO;MASCULINO;56;2;1;KR 79  - CL 42 B  S 02;-74.162.417.658;461.933.659.099.998;8;3;;1994;1;3;105
A387;10947;14/09/2021;2;;PEATON;HERIDO;MASCULINO;34;2;2;KR 14  - CL 67 A  S 02;-74.120.908.419;452.805.697.500.003;5;1;;;;;157
A388;10948;14/09/2021;1;2;CONDUCTOR;;;;2;2;KR 14  - CL 67 A  S 02;-74.120.908.419;452.805.697.500.003;5;1;;2021;4;2;157
A389;10949;14/09/2021;0;1;CONDUCTOR;ILESO;MASCULINO;25;2;2;KR 14  - CL 67 A  S 02;-74.120.908.419;452.805.697.500.003;5;1;;2021;2;2;157
A390;10950;13/09/2021;1;2;CONDUCTOR;ILESO;MASCULINO;26;3;1;CL 6  - KR 29   02;-74.097.349.738;460.576.810.700.002;14;;;2008;4;2;103
A391;10951;13/09/2021;0;1;CONDUCTOR;ILESO;MASCULINO;58;3;1;CL 6  - KR 29   02;-74.097.349.738;460.576.810.700.002;14;;;2002;1;2;103
A392;10952;15/09/2021;1;2;CICLISTA;HERIDO;FEMENINO;42;2;1;KR 76  - CL 80 A  02;-74.092.597.267;469.789.718.499.999;10;2;;;13;0;141
A393;10953;15/09/2021;2;2;CICLISTA;HERIDO;FEMENINO;42;2;1;KR 76  - CL 80 A  02;-74.092.597.267;469.789.718.499.999;10;2;;;13;0;141
A394;10954;15/09/2021;1;2;CICLISTA;HERIDO;FEMENINO;42;2;1;KR 76  - CL 80 A  02;-74.092.597.267;469.789.718.499.999;10;2;;;13;0;157
A395;10955;15/09/2021;2;2;CICLISTA;HERIDO;FEMENINO;42;2;1;KR 76  - CL 80 A  02;-74.092.597.267;469.789.718.499.999;10;2;;;13;0;157
A396;10956;15/09/2021;0;1;CONDUCTOR;ILESO;MASCULINO;31;2;1;KR 76  - CL 80 A  02;-74.092.597.267;469.789.718.499.999;10;2;;2015;2;2;141
A397;10957;15/09/2021;0;1;CONDUCTOR;ILESO;MASCULINO;31;2;1;KR 76  - CL 80 A  02;-74.092.597.267;469.789.718.499.999;10;2;;2015;2;2;157
A398;10958;19/09/2021;1;2;MOTOCICLISTA;;;;3;1;DG 86 A A - KR 102   50;-74.108.140.416;4.718.105.966;10;;;2000;10;3;157
A399;10959;19/09/2021;0;1;CONDUCTOR;ILESO;FEMENINO;45;3;1;DG 86 A A - KR 102   50;-74.108.140.416;4.718.105.966;10;;;2014;1;3;157
A400;10960;20/09/2021;1;2;CONDUCTOR;ILESO;MASCULINO;34;3;1;KR 8  - CL 17  S 45;-74.091.085.937;457.660.536.100.002;4;;;2011;5;3;121
A401;10961;20/09/2021;0;1;MOTOCICLISTA;ILESO;MASCULINO;36;3;1;KR 8  - CL 17  S 45;-74.091.085.937;457.660.536.100.002;4;;;2021;10;3;121
A402;10962;20/09/2021;1;2;CONDUCTOR;ILESO;MASCULINO;49;3;1;CL 9 B B - KR 6  E 39;-74.066.511.561;459.135.592.799.998;3;;;2010;3;2;104
A403;10963;20/09/2021;0;1;CONDUCTOR;ILESO;MASCULINO;26;3;1;CL 9 B B - KR 6  E 39;-74.066.511.561;459.135.592.799.998;3;;;2013;1;3;104
A404;10964;22/09/2021;1;2;MOTOCICLISTA;ILESO;MASCULINO;26;2;1;CL 19  - KR 108   02;-741.481.259;467.956.738.499.998;9;1;;2014;10;3;112
A405;10965;22/09/2021;2;2;ACOMPANANTE;HERIDO;FEMENINO;24;2;1;CL 19  - KR 108   02;-741.481.259;467.956.738.499.998;9;1;;2014;10;3;112
A406;10966;22/09/2021;0;1;CONDUCTOR;ILESO;MASCULINO;57;2;1;CL 19  - KR 108   02;-741.481.259;467.956.738.499.998;9;1;;2014;1;3;112
A407;10967;21/09/2021;1;2;MOTOCICLISTA;HERIDO;MASCULINO;30;2;1;KR 71 B  - CL 69 B  02;-74.095.981.138;468.385.588.500.001;10;1;;2016;10;3;112
A408;10968;21/09/2021;0;1;CONDUCTOR;ILESO;MASCULINO;62;2;1;KR 71 B  - CL 69 B  02;-74.095.981.138;468.385.588.500.001;10;1;;2012;1;2;112
A409;10969;21/09/2021;1;2;CONDUCTOR;ILESO;MASCULINO;29;3;1;CL 3  - KR 72   02;-74.138.772.078;4.625.790.435;8;;;2010;7;2;103
A410;10970;21/09/2021;0;1;CONDUCTOR;ILESO;MASCULINO;51;3;1;CL 3  - KR 72   02;-74.138.772.078;4.625.790.435;8;;;2018;1;3;103
A411;10971;16/09/2021;1;2;CONDUCTOR;ILESO;MASCULINO;43;3;1;CL 13  S- KR 22   02;-74.099.449.938;4.588.667.144;15;;;2011;2;2;103
A412;10972;16/09/2021;0;1;CONDUCTOR;ILESO;MASCULINO;25;3;1;CL 13  S- KR 22   02;-74.099.449.938;4.588.667.144;15;;;2007;1;3;103
A413;10973;22/09/2021;1;2;CONDUCTOR;ILESO;MASCULINO;54;2;1;KR 1  - DG 78 BIS S 02;-741.045.970.979.999;451.115.019.600.007;5;1;;1994;1;3;114
A414;10974;22/09/2021;1;2;CONDUCTOR;ILESO;MASCULINO;54;2;1;KR 1  - DG 78 BIS S 02;-741.045.970.979.999;451.115.019.600.007;5;1;;1994;1;3;121
A415;10975;22/09/2021;0;1;CONDUCTOR;HERIDO;MASCULINO;54;2;1;KR 1  - DG 78 BIS S 02;-741.045.970.979.999;451.115.019.600.007;5;1;;1979;6;3;114
A416;10976;22/09/2021;0;1;CONDUCTOR;HERIDO;MASCULINO;54;2;1;KR 1  - DG 78 BIS S 02;-741.045.970.979.999;451.115.019.600.007;5;1;;1979;6;3;121
A417;10977;22/09/2021;1;2;CICLISTA;HERIDO;MASCULINO;24;2;1;KR 104  - CL 57  S 02;-74.196.616.735;464.180.014.300.001;7;1;;;13;0;93
A418;10978;22/09/2021;1;2;CICLISTA;HERIDO;MASCULINO;24;2;1;KR 104  - CL 57  S 02;-74.196.616.735;464.180.014.300.001;7;1;;;13;0;104
A419;10979;22/09/2021;0;1;CONDUCTOR;ILESO;MASCULINO;43;2;1;KR 104  - CL 57  S 02;-74.196.616.735;464.180.014.300.001;7;1;;2017;1;2;93
A420;10980;22/09/2021;0;1;CONDUCTOR;ILESO;MASCULINO;43;2;1;KR 104  - CL 57  S 02;-74.196.616.735;464.180.014.300.001;7;1;;2017;1;2;104
A421;10981;22/09/2021;1;2;CONDUCTOR;ILESO;MASCULINO;26;2;1;KR 3  E- CL 91   02;-74.016.721.017;467.180.875.600.008;2;2;;2014;5;2;112
A422;10982;22/09/2021;0;1;MOTOCICLISTA;HERIDO;MASCULINO;26;2;1;KR 3  E- CL 91   02;-74.016.721.017;467.180.875.600.008;2;2;;2017;10;1;112
A423;10983;22/09/2021;2;1;ACOMPANANTE;HERIDO;MASCULINO;26;2;1;KR 3  E- CL 91   02;-74.016.721.017;467.180.875.600.008;2;2;;2017;10;1;112
A424;10984;22/09/2021;2;3;CONDUCTOR;ILESO;MASCULINO;55;3;1;KR 5  - CL 48 P  S 02;-74.107.945.459;455.222.437.499.998;18;;;2011;5;2;103
A425;10985;22/09/2021;2;3;CONDUCTOR;ILESO;MASCULINO;55;3;1;KR 5  - CL 48 P  S 02;-74.107.945.459;455.222.437.499.998;18;;;2011;5;2;103
A426;10986;22/09/2021;2;3;CONDUCTOR;ILESO;MASCULINO;55;3;1;KR 5  - CL 48 P  S 02;-74.107.945.459;455.222.437.499.998;18;;;2011;5;2;141
A427;10987;22/09/2021;1;2;CONDUCTOR;ILESO;MASCULINO;41;3;1;KR 5  - CL 48 P  S 02;-74.107.945.459;455.222.437.499.998;18;;;2018;1;3;103
A428;10988;22/09/2021;1;2;CONDUCTOR;ILESO;MASCULINO;41;3;1;KR 5  - CL 48 P  S 02;-74.107.945.459;455.222.437.499.998;18;;;2018;1;3;103
A429;10989;22/09/2021;1;2;CONDUCTOR;ILESO;MASCULINO;41;3;1;KR 5  - CL 48 P  S 02;-74.107.945.459;455.222.437.499.998;18;;;2018;1;3;141
A430;10990;22/09/2021;0;1;CONDUCTOR;ILESO;MASCULINO;32;3;1;KR 5  - CL 48 P  S 02;-74.107.945.459;455.222.437.499.998;18;;;2015;9;2;103
A431;10991;22/09/2021;0;1;CONDUCTOR;ILESO;MASCULINO;32;3;1;KR 5  - CL 48 P  S 02;-74.107.945.459;455.222.437.499.998;18;;;2015;9;2;103
A432;10992;22/09/2021;0;1;CONDUCTOR;ILESO;MASCULINO;32;3;1;KR 5  - CL 48 P  S 02;-74.107.945.459;455.222.437.499.998;18;;;2015;9;2;141
A433;10993;8/12/2021;1;2;CONDUCTOR;HERIDO;MASCULINO;42;2;1;CL 134  - KR 10   02;-74.035.024.984;471.370.542.900.002;1;2;;2016;5;3;142
A434;10994;8/12/2021;1;2;CONDUCTOR;HERIDO;MASCULINO;42;2;1;CL 134  - KR 10   02;-74.035.024.984;471.370.542.900.002;1;2;;2016;5;3;142
A435;10995;8/12/2021;0;1;MOTOCICLISTA;HERIDO;MASCULINO;38;2;1;CL 134  - KR 10   02;-74.035.024.984;471.370.542.900.002;1;2;;2019;10;3;142
A436;10996;8/12/2021;0;1;MOTOCICLISTA;HERIDO;MASCULINO;38;2;1;CL 134  - KR 10   02;-74.035.024.984;471.370.542.900.002;1;2;;2019;10;3;142
A437;10997;8/12/2021;1;2;CONDUCTOR;HERIDO;FEMENINO;57;2;1;CL 146  - KR 12 A  02;-74.036.217.278;472.589.084.800.001;1;2;;2018;5;3;112
A438;10998;8/12/2021;0;1;CONDUCTOR;HERIDO;MASCULINO;38;2;1;CL 146  - KR 12 A  02;-74.036.217.278;472.589.084.800.001;1;2;;2008;1;2;112
A439;10999;8/12/2021;1;2;MOTOCICLISTA;HERIDO;MASCULINO;43;2;1;KR 80  - CL 10   02;-74.142.796.034;4.644.840.354;8;3;;2020;10;3;122
A440;11000;8/12/2021;2;2;ACOMPANANTE;HERIDO;MASCULINO;22;2;1;KR 80  - CL 10   02;-74.142.796.034;4.644.840.354;8;3;;2020;10;3;122
A441;11001;8/12/2021;1;2;MOTOCICLISTA;HERIDO;MASCULINO;43;2;1;KR 80  - CL 10   02;-74.142.796.034;4.644.840.354;8;3;;2020;10;3;157
A442;11002;8/12/2021;2;2;ACOMPANANTE;HERIDO;MASCULINO;22;2;1;KR 80  - CL 10   02;-74.142.796.034;4.644.840.354;8;3;;2020;10;3;157
A443;11003;8/12/2021;1;2;MOTOCICLISTA;HERIDO;MASCULINO;43;2;1;KR 80  - CL 10   02;-74.142.796.034;4.644.840.354;8;3;;2020;10;3;157
A444;11004;8/12/2021;2;2;ACOMPANANTE;HERIDO;MASCULINO;22;2;1;KR 80  - CL 10   02;-74.142.796.034;4.644.840.354;8;3;;2020;10;3;157
A445;11005;8/12/2021;0;1;CONDUCTOR;HERIDO;MASCULINO;31;2;1;KR 80  - CL 10   02;-74.142.796.034;4.644.840.354;8;3;;2006;1;3;122
A446;11006;8/12/2021;0;1;CONDUCTOR;HERIDO;MASCULINO;31;2;1;KR 80  - CL 10   02;-74.142.796.034;4.644.840.354;8;3;;2006;1;3;157
A447;11007;8/12/2021;0;1;CONDUCTOR;HERIDO;MASCULINO;31;2;1;KR 80  - CL 10   02;-74.142.796.034;4.644.840.354;8;3;;2006;1;3;157
A448;11008;8/12/2021;1;2;CONDUCTOR;ILESO;MASCULINO;17;2;1;DG 61 B  - TV 25   02;-74.073.942.199;464.693.622.300.001;13;1;;2018;6;3;157
A449;11009;8/12/2021;1;2;CONDUCTOR;ILESO;MASCULINO;17;2;1;DG 61 B  - TV 25   02;-74.073.942.199;464.693.622.300.001;13;1;;2018;6;3;157
A450;11010;8/12/2021;0;1;MOTOCICLISTA;HERIDO;MASCULINO;34;2;1;DG 61 B  - TV 25   02;-74.073.942.199;464.693.622.300.001;13;1;;2018;10;3;157
A451;11011;8/12/2021;0;1;MOTOCICLISTA;HERIDO;MASCULINO;34;2;1;DG 61 B  - TV 25   02;-74.073.942.199;464.693.622.300.001;13;1;;2018;10;3;157
A452;11012;8/12/2021;2;3;CONDUCTOR;ILESO;MASCULINO;40;2;1;AV AVENIDA CIUDAD DE CALI - CL 11   22;-7.414.470.039;4.651.462.239;8;1;;2010;1;3;121
A453;11013;8/12/2021;1;2;MOTOCICLISTA;HERIDO;MASCULINO;27;2;1;AV AVENIDA CIUDAD DE CALI - CL 11   22;-7.414.470.039;4.651.462.239;8;1;;2012;10;3;121
A454;11014;8/12/2021;0;1;CONDUCTOR;ILESO;MASCULINO;38;2;1;AV AVENIDA CIUDAD DE CALI - CL 11   22;-7.414.470.039;4.651.462.239;8;1;;2014;5;2;121
A455;11015;7/12/2021;1;2;CICLISTA;HERIDO;MASCULINO;23;2;1;KR 77 J  - CL 65 A  S 02;-74.181.421.722;459.864.910.599.998;7;1;;;13;0;132
A456;11016;7/12/2021;0;1;CONDUCTOR;ILESO;MASCULINO;29;2;1;KR 77 J  - CL 65 A  S 02;-74.181.421.722;459.864.910.599.998;7;1;;2021;5;3;132
A457;11017;8/12/2021;0;1;MOTOCICLISTA;ILESO;MASCULINO;19;2;3;KR 1  - CL 12   02;-74.069.605.191;459.602.899.200.002;3;1;;2019;10;3;157
A458;11018;8/12/2021;1;1;ACOMPANANTE;HERIDO;FEMENINO;18;2;3;KR 1  - CL 12   02;-74.069.605.191;459.602.899.200.002;3;1;;2019;10;3;157
A459;11019;9/12/2021;1;2;MOTOCICLISTA;HERIDO;MASCULINO;32;2;1;KR 5  - CL 10  S 02;-74.084.715.163;457.816.092.399.997;4;2;;2009;10;3;112