FORMULARIO;CODIGO_ACCIDENTE;FECHA;CODIGO_VICTIMA;CODIGO_VEHICULO;TIPO_ACTOR;ESTADO;GENERO;EDAD;GRAVEDAD;CLASE_SINIESTRO;DIRECCION;LONGITUD;LATITUD;CODIGO_LOCALIDAD;TOTAL_HERIDOS;TOTAL_MUERTOS;MOD_VEHICULO;CLASE_VEHICULO;SERVICIO_VEHICULO;CODIGO_CAUSA
A766;11326;10/03/2022;0;1;MOTOCICLISTA;ILESO;MASCULINO;35;3;1;KR 64  - CL 98   02;-74.069.107.774;468.799.996.400.003;12;;;2021;10;3;121
A767;11327;10/03/2022;1;2;CONDUCTOR;ILESO;MASCULINO;48;3;1;CL 50  S- KR 6   02;-74.12;4.556;18;;;2016;1;2;134
A768;11328;10/03/2022;0;1;CONDUCTOR;ILESO;MASCULINO;35;3;1;CL 50  S- KR 6   02;-74.12;4.556;18;;;2010;2;2;134
A769;11329;10/03/2022;1;2;CONDUCTOR;ILESO;MASCULINO;43;3;1;CL 127 C  - TV 91   02;-7.409.109.289;471.865.230.600.002;11;;;2014;1;3;157
A770;11330;10/03/2022;0;1;CONDUCTOR;ILESO;MASCULINO;33;3;1;CL 127 C  - TV 91   02;-7.409.109.289;471.865.230.600.002;11;;;2012;4;2;157
A771;11331;9/03/2022;1;2;CONDUCTOR;ILESO;MASCULINO;35;3;1;CL 80  - KR 119   02;-74.125;4.726;10;;;2018;4;2;151
A772;11332;9/03/2022;0;1;CONDUCTOR;ILESO;MASCULINO;32;3;1;CL 80  - KR 119   02;-74.125;4.726;10;;;2021;2;2;151
A773;11333;9/03/2022;2;3;CONDUCTOR;ILESO;FEMENINO;63;3;1;AV AVENIDA BOYACA - CL 64   02;-74.103;4.676;10;;;2017;1;3;98
A774;11334;9/03/2022;1;2;MOTOCICLISTA;ILESO;MASCULINO;29;3;1;AV AVENIDA BOYACA - CL 64   02;-74.103;4.676;10;;;2021;10;3;98
A775;11335;9/03/2022;0;1;CONDUCTOR;ILESO;MASCULINO;52;3;1;AV AVENIDA BOYACA - CL 64   02;-74.103;4.676;10;;;2020;5;2;98
A776;11336;11/03/2022;1;2;MOTOCICLISTA;HERIDO;MASCULINO;23;2;1;CL 17  - KR 137 A  02;-74.17;4.696;9;2;;2021;10;3;121
A777;11337;11/03/2022;0;1;MOTOCICLISTA;HERIDO;MASCULINO;36;2;1;CL 17  - KR 137 A  02;-74.17;4.696;9;2;;2021;10;3;121
A778;11338;10/03/2022;1;2;CONDUCTOR;ILESO;MASCULINO;64;3;1;CL 146  - KR 75 D  02;-74.072;4.739;11;;;2012;4;3;157
A779;11339;10/03/2022;1;2;CONDUCTOR;ILESO;MASCULINO;64;3;1;CL 146  - KR 75 D  02;-74.072;4.739;11;;;2012;4;3;308
A780;11340;10/03/2022;0;1;CONDUCTOR;ILESO;MASCULINO;53;3;1;CL 146  - KR 75 D  02;-74.072;4.739;11;;;2021;5;2;157
A781;11341;10/03/2022;0;1;CONDUCTOR;ILESO;MASCULINO;53;3;1;CL 146  - KR 75 D  02;-74.072;4.739;11;;;2021;5;2;308
A782;11342;16/03/2022;1;2;CONDUCTOR;ILESO;MASCULINO;39;3;1;TV 90 D  - CL 85 B  02;-74.100.654.475;4.709.506.105;10;;;2017;5;2;134
A783;11343;16/03/2022;0;1;CONDUCTOR;ILESO;MASCULINO;24;3;1;TV 90 D  - CL 85 B  02;-74.100.654.475;4.709.506.105;10;;;2012;1;3;134
A784;11344;28/03/2022;1;;PEATON;HERIDO;FEMENINO;8;2;2;CL 68 B  S- KR 8 C  02;-74.115;4.527;5;2;;;;;157
A785;11345;28/03/2022;0;1;MOTOCICLISTA;HERIDO;MASCULINO;49;2;2;CL 68 B  S- KR 8 C  02;-74.115;4.527;5;2;;2012;10;3;157
A786;11346;29/03/2022;1;2;MOTOCICLISTA;HERIDO;MASCULINO;42;2;1;CL 6  - KR 3  E 02;-74.081;4.581;4;1;;2017;10;3;106
A787;11347;29/03/2022;0;1;CONDUCTOR;ILESO;MASCULINO;30;2;1;CL 6  - KR 3  E 02;-74.081;4.581;4;1;;2016;1;3;106
A788;11348;29/03/2022;1;2;CONDUCTOR;ILESO;MASCULINO;41;3;1;CL 44  S- KR 20   02;-74.124;4.576;18;;;2014;1;2;112
A789;11349;29/03/2022;0;1;CONDUCTOR;ILESO;MASCULINO;35;3;1;CL 44  S- KR 20   02;-74.124;4.576;18;;;2012;1;3;112
A790;11350;2/04/2022;1;2;CONDUCTOR;ILESO;MASCULINO;36;3;1;CL 152  - KR 19   02;-74.045;4.734;1;;;2021;5;1;121
A791;11351;2/04/2022;0;1;CONDUCTOR;ILESO;MASCULINO;47;3;1;CL 152  - KR 19   02;-74.045;4.734;1;;;2007;1;2;121
A792;11352;4/04/2022;1;2;MOTOCICLISTA;HERIDO;MASCULINO;30;2;1;CL 80  - KR 94   02;-74.108;4.706;10;1;;2020;10;3;103
A793;11353;4/04/2022;0;1;CONDUCTOR;ILESO;MASCULINO;28;2;1;CL 80  - KR 94   02;-74.108;4.706;10;1;;2021;2;2;103
A794;11354;4/04/2022;0;1;MOTOCICLISTA;MUERTO;MASCULINO;52;1;3;KR 43  - CL 10 A  02;-74.119;4.606;16;;1;2019;10;3;157
A795;11355;2/04/2022;1;2;MOTOCICLISTA;HERIDO;MASCULINO;30;2;1;KR 50  - CL 26   02;-74.095;4.64;13;2;;2020;10;3;103
A796;11356;2/04/2022;2;2;ACOMPANANTE;HERIDO;MASCULINO;28;2;1;KR 50  - CL 26   02;-74.095;4.64;13;2;;2020;10;3;103
A797;11357;2/04/2022;0;1;CONDUCTOR;ILESO;MASCULINO;63;2;1;KR 50  - CL 26   02;-74.095;4.64;13;2;;2008;1;2;103
A798;11358;2/04/2022;1;2;CONDUCTOR;ILESO;MASCULINO;35;3;1;CL 100  - KR 64   02;-74.068;4.69;11;;;2015;2;2;157
A799;11359;2/04/2022;1;2;CONDUCTOR;ILESO;MASCULINO;35;3;1;CL 100  - KR 64   02;-74.068;4.69;11;;;2015;2;2;157
A800;11360;2/04/2022;0;1;CONDUCTOR;ILESO;FEMENINO;35;3;1;CL 100  - KR 64   02;-74.068;4.69;11;;;2012;5;3;157
A801;11361;2/04/2022;0;1;CONDUCTOR;ILESO;FEMENINO;35;3;1;CL 100  - KR 64   02;-74.068;4.69;11;;;2012;5;3;157
A802;11362;3/04/2022;1;;PEATON;HERIDO;FEMENINO;26;2;2;CL 23 C  - KR 69 F  02;-74.115;4.658;9;1;;;;;127
A803;11363;3/04/2022;0;1;CONDUCTOR;ILESO;MASCULINO;42;2;2;CL 23 C  - KR 69 F  02;-74.115;4.658;9;1;;2007;1;3;127
A804;11364;3/04/2022;1;;PEATON;HERIDO;MASCULINO;27;2;2;CL 61  - KR 13   02;-74.064;4.648;2;2;;;;;157
A805;11365;3/04/2022;2;;PEATON;HERIDO;MASCULINO;33;2;2;CL 61  - KR 13   02;-74.064;4.648;2;2;;;;;157
A806;11366;3/04/2022;0;1;CONDUCTOR;ILESO;MASCULINO;28;2;2;CL 61  - KR 13   02;-74.064;4.648;2;2;;2013;1;3;157
A807;11367;2/04/2022;1;2;CONDUCTOR;ILESO;MASCULINO;42;3;1;CL 51  S- KR 9   02;-74.122;4.558;18;;;2021;5;3;121
A808;11368;2/04/2022;0;1;CONDUCTOR;ILESO;MASCULINO;65;3;1;CL 51  S- KR 9   02;-74.122;4.558;18;;;2014;1;2;121
A809;11369;3/04/2022;1;2;CONDUCTOR;ILESO;MASCULINO;50;2;1;KR 7  - CL 135   02;-74.029;4.714;1;1;;2012;1;3;103
A810;11370;3/04/2022;0;1;MOTOCICLISTA;HERIDO;MASCULINO;31;2;1;KR 7  - CL 135   02;-74.029;4.714;1;1;;2018;10;3;103
A811;11371;3/04/2022;1;2;CONDUCTOR;HERIDO;MASCULINO;25;2;1;CL 80  - KR 55 B  02;-74.072;4.677;12;3;;2008;1;2;121
A812;11372;3/04/2022;0;1;MOTOCICLISTA;HERIDO;MASCULINO;34;2;1;CL 80  - KR 55 B  02;-74.072;4.677;12;3;;2020;10;3;121
A813;11373;3/04/2022;2;1;ACOMPANANTE;HERIDO;FEMENINO;30;2;1;CL 80  - KR 55 B  02;-74.072;4.677;12;3;;2020;10;3;121
A814;11374;2/04/2022;1;;PEATON;HERIDO;FEMENINO;21;2;2;CL 49  S- TV 72 B  02;-74.15;4.598;8;1;;;;;157
A815;11375;2/04/2022;0;1;CONDUCTOR;ILESO;MASCULINO;64;2;2;CL 49  S- TV 72 B  02;-74.15;4.598;8;1;;2004;1;3;157
A816;11376;2/04/2022;1;2;CONDUCTOR;ILESO;MASCULINO;46;3;1;KR 10  - CL 13   02;-74.077;4.602;3;;;2020;2;2;103
A817;11377;2/04/2022;0;1;CONDUCTOR;ILESO;MASCULINO;33;3;1;KR 10  - CL 13   02;-74.077;4.602;3;;;2021;1;3;103
A818;11378;5/04/2022;1;2;MOTOCICLISTA;HERIDO;MASCULINO;17;2;1;AV AVENIDA CIUDAD DE CALI - CL 62  S 02;-74.189;4.618;7;2;;2021;10;3;122
A819;11379;5/04/2022;0;1;MOTOCICLISTA;HERIDO;MASCULINO;40;2;1;AV AVENIDA CIUDAD DE CALI - CL 62  S 02;-74.189;4.618;7;2;;2015;10;3;122
A820;11380;2/04/2022;0;1;CONDUCTOR;ILESO;MASCULINO;30;2;4;CL 26  - KR 113   02;-74.144;4.7;9;1;;2014;2;2;157
A821;11381;2/04/2022;1;1;PASAJERO;HERIDO;MASCULINO;26;2;4;CL 26  - KR 113   02;-74.144;4.7;9;1;;2014;2;2;157
A822;11382;4/04/2022;1;2;CONDUCTOR;ILESO;MASCULINO;34;3;1;KR 100  - CL 24   02;-74.134;4.682;9;;;2008;1;2;121
A823;11383;4/04/2022;0;1;CONDUCTOR;ILESO;MASCULINO;40;3;1;KR 100  - CL 24   02;-74.134;4.682;9;;;2008;1;2;121
A824;11384;4/04/2022;1;2;CONDUCTOR;ILESO;MASCULINO;42;3;1;AU NORTE - CL 183   02;-74.045;4.76;1;;;2015;1;3;121
A825;11385;4/04/2022;0;1;CONDUCTOR;ILESO;MASCULINO;35;3;1;AU NORTE - CL 183   02;-74.045;4.76;1;;;2012;8;2;121
A826;11386;4/04/2022;1;2;CONDUCTOR;ILESO;MASCULINO;51;3;1;KR 134  - CL 22 A  02;-74.163;4.699;9;;;2021;2;2;103
A827;11387;4/04/2022;1;2;CONDUCTOR;ILESO;MASCULINO;51;3;1;KR 134  - CL 22 A  02;-74.163;4.699;9;;;2021;2;2;143
A828;11388;4/04/2022;0;1;CONDUCTOR;ILESO;MASCULINO;38;3;1;KR 134  - CL 22 A  02;-74.163;4.699;9;;;2014;4;2;103
A829;11389;4/04/2022;0;1;CONDUCTOR;ILESO;MASCULINO;38;3;1;KR 134  - CL 22 A  02;-74.163;4.699;9;;;2014;4;2;143
A830;11390;4/04/2022;1;2;CONDUCTOR;ILESO;MASCULINO;33;3;1;KR 30  - CL 18 A  02;-74.089;4.617;14;;;2011;4;2;134
A831;11391;4/04/2022;1;2;CONDUCTOR;ILESO;MASCULINO;33;3;1;KR 30  - CL 18 A  02;-74.089;4.617;14;;;2011;4;2;139
A832;11392;4/04/2022;0;1;CONDUCTOR;ILESO;MASCULINO;35;3;1;KR 30  - CL 18 A  02;-74.089;4.617;14;;;2021;1;3;134
A833;11393;4/04/2022;0;1;CONDUCTOR;ILESO;MASCULINO;35;3;1;KR 30  - CL 18 A  02;-74.089;4.617;14;;;2021;1;3;139
A834;11394;4/04/2022;1;2;CONDUCTOR;ILESO;FEMENINO;42;3;1;KR 53  - CL 104 B  02;-74.063;4.693;11;;;2018;1;3;121
A835;11395;4/04/2022;0;1;CONDUCTOR;ILESO;FEMENINO;73;3;1;KR 53  - CL 104 B  02;-74.063;4.693;11;;;2006;1;3;121
A836;11396;13/02/2022;1;2;MOTOCICLISTA;HERIDO;MASCULINO;71;2;1;KR 8  - CL 27 A  S 02;-74.096.935.671;4.570.192.987;4;1;;2016;10;3;157
A837;11397;13/02/2022;0;1;CONDUCTOR;ILESO;MASCULINO;30;2;1;KR 8  - CL 27 A  S 02;-74.096.935.671;4.570.192.987;4;1;;2021;5;2;157
A838;11398;14/02/2022;0;1;CONDUCTOR;ILESO;MASCULINO;21;3;1;AV AVENIDA CARACAS - KR 18   02;-74.076.633.003;460.786.608.000.001;3;;;2016;1;2;305
A839;11399;8/02/2022;1;2;CONDUCTOR;ILESO;MASCULINO;21;3;1;KR 87 J  - CL 80 A  S 02;-74.205;4.619;7;;;2016;1;2;134
A840;11400;8/02/2022;0;1;CONDUCTOR;ILESO;MASCULINO;29;3;1;KR 87 J  - CL 80 A  S 02;-74.205;4.619;7;;;2018;1;2;134
A841;11401;7/02/2022;1;2;CONDUCTOR;ILESO;MASCULINO;39;3;1;CL 26  - KR 113   02;-74.147;4.703;9;;;2007;1;3;103
A842;11402;7/02/2022;0;1;CONDUCTOR;ILESO;MASCULINO;34;3;1;CL 26  - KR 113   02;-74.147;4.703;9;;;2009;1;3;103
A843;11403;14/02/2022;1;2;CONDUCTOR;ILESO;MASCULINO;33;3;1;KR 30  - CL 12  S 02;-74.108;4.598;16;;;2016;1;3;134
A844;11404;14/02/2022;0;1;CONDUCTOR;ILESO;MASCULINO;54;3;1;KR 30  - CL 12  S 02;-74.108;4.598;16;;;1998;4;2;134
A845;11405;14/02/2022;1;2;CONDUCTOR;ILESO;MASCULINO;34;3;1;AV AVENIDA BOYACA - CL 26   02;-74.112;4.666;9;;;1997;2;2;103
A846;11406;14/02/2022;0;1;CONDUCTOR;ILESO;MASCULINO;56;3;1;AV AVENIDA BOYACA - CL 26   02;-74.112;4.666;9;;;2021;2;2;103
A847;11407;6/03/2022;1;2;CONDUCTOR;ILESO;MASCULINO;54;3;1;CL 19  - KR 72   02;-74.124;4.652;9;;;2006;6;3;103
A848;11408;6/03/2022;0;1;CONDUCTOR;ILESO;MASCULINO;43;3;1;CL 19  - KR 72   02;-74.124;4.652;9;;;2021;5;3;103
A849;11409;8/02/2022;1;2;MOTOCICLISTA;ILESO;MASCULINO;26;3;1;KR 14  - CL 66   02;-74.064;4.653;2;;;;10;3;122
A850;11410;8/02/2022;1;2;MOTOCICLISTA;ILESO;MASCULINO;26;3;1;KR 14  - CL 66   02;-74.064;4.653;2;;;;10;3;157
A851;11411;8/02/2022;0;1;CONDUCTOR;ILESO;MASCULINO;76;3;1;KR 14  - CL 66   02;-74.064;4.653;2;;;2009;6;3;122
A852;11412;8/02/2022;0;1;CONDUCTOR;ILESO;MASCULINO;76;3;1;KR 14  - CL 66   02;-74.064;4.653;2;;;2009;6;3;157
A853;11413;18/03/2022;1;2;CONDUCTOR;ILESO;MASCULINO;46;3;1;CL 115  S- KR 7 C  E 02;-74.098;4.484;5;;;2007;8;2;121
A854;11414;18/03/2022;0;1;CONDUCTOR;ILESO;MASCULINO;29;3;1;CL 115  S- KR 7 C  E 02;-74.098;4.484;5;;;2020;5;2;121
A855;11415;19/03/2022;1;2;CONDUCTOR;ILESO;MASCULINO;34;3;1;CL 12  - KR 8   02;-74.075.700.814;459.982.478.799.998;17;;;2015;4;2;105
A856;11416;19/03/2022;1;2;CONDUCTOR;ILESO;MASCULINO;34;3;1;CL 12  - KR 8   02;-74.075.700.814;459.982.478.799.998;17;;;2015;4;2;134
A857;11417;19/03/2022;0;1;CONDUCTOR;ILESO;MASCULINO;42;3;1;CL 12  - KR 8   02;-74.075.700.814;459.982.478.799.998;17;;;2018;1;2;105
A858;11418;19/03/2022;0;1;CONDUCTOR;ILESO;MASCULINO;42;3;1;CL 12  - KR 8   02;-74.075.700.814;459.982.478.799.998;17;;;2018;1;2;134
A859;11419;20/03/2022;1;2;MOTOCICLISTA;HERIDO;MASCULINO;38;2;1;CL 40  S- KR 92 B  02;-74.172;4.643;8;1;;2020;10;3;104
A860;11420;20/03/2022;1;2;MOTOCICLISTA;HERIDO;MASCULINO;38;2;1;CL 40  S- KR 92 B  02;-74.172;4.643;8;1;;2020;10;3;157
A861;11421;20/03/2022;0;1;CONDUCTOR;ILESO;FEMENINO;36;2;1;CL 40  S- KR 92 B  02;-74.172;4.643;8;1;;2008;1;3;104
A862;11422;20/03/2022;0;1;CONDUCTOR;ILESO;FEMENINO;36;2;1;CL 40  S- KR 92 B  02;-74.172;4.643;8;1;;2008;1;3;157
A863;11423;19/03/2022;1;2;CONDUCTOR;ILESO;MASCULINO;38;3;1;CL 63  - KR 93   02;-74.118;4.689;10;;;2021;1;3;121
A864;11424;19/03/2022;0;1;CONDUCTOR;ILESO;MASCULINO;38;3;1;CL 63  - KR 93   02;-74.118;4.689;10;;;2021;2;2;121
A865;11425;1/04/2022;0;1;MOTOCICLISTA;HERIDO;MASCULINO;33;2;1;AV AVENIDA DE LAS AMERICAS - KR 69 C  02;-74.129;4.63;8;2;;2016;10;3;157
A866;11426;1/04/2022;1;1;ACOMPANANTE;HERIDO;FEMENINO;22;2;1;AV AVENIDA DE LAS AMERICAS - KR 69 C  02;-74.129;4.63;8;2;;2016;10;3;157
A867;11427;2/04/2022;1;2;CICLISTA;HERIDO;MASCULINO;29;2;1;AV AVENIDA DE LAS AMERICAS - KR 71 B  02;-74.134;4.631;8;1;;;13;0;121
A868;11428;2/04/2022;0;1;CONDUCTOR;ILESO;MASCULINO;35;2;1;AV AVENIDA DE LAS AMERICAS - KR 71 B  02;-74.134;4.631;8;1;;2021;1;3;121
A869;11429;3/04/2022;1;2;CONDUCTOR;ILESO;MASCULINO;34;2;1;CL 13  - KR 68 C  02;-74.121;4.639;9;1;;2014;5;3;121
A870;11430;3/04/2022;0;1;MOTOCICLISTA;HERIDO;MASCULINO;48;2;1;CL 13  - KR 68 C  02;-74.121;4.639;9;1;;2019;10;3;121
A871;11431;31/03/2022;3;4;CONDUCTOR;ILESO;MASCULINO;61;2;1;KR 80 I  - CL 92 A  S 02;-74.214;4.614;8;3;;2015;1;3;98
A872;11432;31/03/2022;3;4;CONDUCTOR;ILESO;MASCULINO;61;2;1;KR 80 I  - CL 92 A  S 02;-74.214;4.614;8;3;;2015;1;3;122
A873;11433;31/03/2022;2;3;CONDUCTOR;HERIDO;MASCULINO;62;2;1;KR 80 I  - CL 92 A  S 02;-74.214;4.614;8;3;;2003;1;3;98
A874;11434;31/03/2022;2;3;CONDUCTOR;HERIDO;MASCULINO;62;2;1;KR 80 I  - CL 92 A  S 02;-74.214;4.614;8;3;;2003;1;3;122
A875;11435;31/03/2022;1;2;MOTOCICLISTA;HERIDO;FEMENINO;31;2;1;KR 80 I  - CL 92 A  S 02;-74.214;4.614;8;3;;2018;10;3;98
A876;11436;31/03/2022;1;2;MOTOCICLISTA;HERIDO;FEMENINO;31;2;1;KR 80 I  - CL 92 A  S 02;-74.214;4.614;8;3;;2018;10;3;122
A877;11437;31/03/2022;0;1;CICLISTA;HERIDO;FEMENINO;38;2;1;KR 80 I  - CL 92 A  S 02;-74.214;4.614;8;3;;;13;0;98
A878;11438;31/03/2022;0;1;CICLISTA;HERIDO;FEMENINO;38;2;1;KR 80 I  - CL 92 A  S 02;-74.214;4.614;8;3;;;13;0;122
A879;11439;9/02/2022;1;2;CONDUCTOR;ILESO;FEMENINO;30;3;1;KR 11  - CL 82   02;-74.052.762.413;466.572.819.499.999;2;;;2020;1;3;134
A880;11440;9/02/2022;0;1;CONDUCTOR;ILESO;MASCULINO;37;3;1;KR 11  - CL 82   02;-74.052.762.413;466.572.819.499.999;2;;;2009;6;4;134
A881;11441;11/02/2022;1;2;CONDUCTOR;ILESO;MASCULINO;34;3;1;CL 183  - KR 14   02;-74.036;4.76;1;;;2017;5;2;103
A882;11442;11/02/2022;0;1;CONDUCTOR;ILESO;MASCULINO;41;3;1;CL 183  - KR 14   02;-74.036;4.76;1;;;2014;2;2;103
A883;11443;11/02/2022;1;2;CONDUCTOR;ILESO;MASCULINO;31;3;1;AV AVENIDA PRIMERO DE MAYO - KR 72   02;-74.141;4.619;8;;;2013;1;3;103
A884;11444;11/02/2022;0;1;CONDUCTOR;ILESO;MASCULINO;53;3;1;AV AVENIDA PRIMERO DE MAYO - KR 72   02;-74.141;4.619;8;;;2019;9;1;103
A885;11445;11/02/2022;1;2;CONDUCTOR;ILESO;MASCULINO;53;3;1;AV AVENIDA BOYACA - CL 121   02;-74.081;4.707;11;;;2015;5;2;121
A886;11446;11/02/2022;0;1;CONDUCTOR;ILESO;MASCULINO;54;3;1;AV AVENIDA BOYACA - CL 121   02;-74.081;4.707;11;;;2013;8;2;121
A887;11447;19/04/2022;0;1;CONDUCTOR;ILESO;MASCULINO;36;2;4;AV AVENIDA CARACAS - CL 45 C  02;-74.125;4.571;18;1;;2020;2;2;506
A888;11448;19/04/2022;1;1;PASAJERO;HERIDO;MASCULINO;62;2;4;AV AVENIDA CARACAS - CL 45 C  02;-74.125;4.571;18;1;;2020;2;2;506
A889;11449;19/04/2022;1;2;CICLISTA;HERIDO;MASCULINO;37;2;1;CL 54 C  S- KR 98 B  02;-74.19;4.64;7;2;;;13;0;157
A890;11450;19/04/2022;0;1;MOTOCICLISTA;HERIDO;MASCULINO;28;2;1;CL 54 C  S- KR 98 B  02;-74.19;4.64;7;2;;2020;10;3;157
A891;11451;19/04/2022;1;2;CICLISTA;HERIDO;FEMENINO;15;2;1;CL 90  - KR 90   02;-7.411.320.135;473.282.153.999.997;10;1;;;13;0;157
A892;11452;19/04/2022;1;2;CICLISTA;HERIDO;FEMENINO;15;2;1;CL 90  - KR 90   02;-7.411.320.135;473.282.153.999.997;10;1;;;13;0;157
A893;11453;19/04/2022;0;1;CONDUCTOR;ILESO;MASCULINO;26;2;1;CL 90  - KR 90   02;-7.411.320.135;473.282.153.999.997;10;1;;2014;2;2;157
A894;11454;19/04/2022;0;1;CONDUCTOR;ILESO;MASCULINO;26;2;1;CL 90  - KR 90   02;-7.411.320.135;473.282.153.999.997;10;1;;2014;2;2;157
A895;11455;18/04/2022;1;;PEATON;HERIDO;FEMENINO;21;2;2;KR 27  - CL 32  S 02;-74.076;4.621;16;1;;;;;142
A896;11456;18/04/2022;0;1;CONDUCTOR;ILESO;MASCULINO;20;2;2;KR 27  - CL 32  S 02;-74.076;4.621;16;1;;2019;1;3;142
A897;11457;17/04/2022;1;2;CONDUCTOR;ILESO;MASCULINO;40;3;1;KR 78  - CL 5   02;-74.145;4.629;8;;;2013;1;3;131
A898;11458;17/04/2022;0;1;CONDUCTOR;ILESO;MASCULINO;42;3;1;KR 78  - CL 5   02;-74.145;4.629;8;;;1995;1;3;131
A899;11459;19/04/2022;1;2;MOTOCICLISTA;HERIDO;MASCULINO;22;2;1;KR 30  - CL 25   02;-74.083;4.625;14;1;;2020;10;3;103
A900;11460;19/04/2022;1;2;MOTOCICLISTA;HERIDO;MASCULINO;22;2;1;KR 30  - CL 25   02;-74.083;4.625;14;1;;2020;10;3;103
A901;11461;19/04/2022;0;1;CONDUCTOR;ILESO;MASCULINO;38;2;1;KR 30  - CL 25   02;-74.083;4.625;14;1;;2018;1;3;103
A902;11462;19/04/2022;0;1;CONDUCTOR;ILESO;MASCULINO;38;2;1;KR 30  - CL 25   02;-74.083;4.625;14;1;;2018;1;3;103
A903;11463;18/04/2022;0;1;CONDUCTOR;ILESO;MASCULINO;25;2;4;CL 48  S- KR 13 D  02;-74.087;4.538;4;1;;2015;2;2;119
A904;11464;18/04/2022;1;1;PASAJERO;HERIDO;MASCULINO;60;2;4;CL 48  S- KR 13 D  02;-74.087;4.538;4;1;;2015;2;2;119
A905;11465;18/04/2022;0;1;CONDUCTOR;ILESO;MASCULINO;25;2;4;CL 48  S- KR 13 D  02;-74.087;4.538;4;1;;2015;2;2;506
A906;11466;18/04/2022;1;1;PASAJERO;HERIDO;MASCULINO;60;2;4;CL 48  S- KR 13 D  02;-74.087;4.538;4;1;;2015;2;2;506
A907;11467;18/04/2022;1;2;CONDUCTOR;HERIDO;MASCULINO;50;2;1;CL 52 A  - KR 73   02;-74.109;4.672;10;3;;1999;1;3;122
A908;11468;18/04/2022;1;2;CONDUCTOR;HERIDO;MASCULINO;50;2;1;CL 52 A  - KR 73   02;-74.109;4.672;10;3;;1999;1;3;157
A909;11469;18/04/2022;0;1;MOTOCICLISTA;HERIDO;MASCULINO;43;2;1;CL 52 A  - KR 73   02;-74.109;4.672;10;3;;2017;10;3;122
A910;11470;18/04/2022;2;1;ACOMPANANTE;HERIDO;MASCULINO;18;2;1;CL 52 A  - KR 73   02;-74.109;4.672;10;3;;2017;10;3;122
A911;11471;18/04/2022;0;1;MOTOCICLISTA;HERIDO;MASCULINO;43;2;1;CL 52 A  - KR 73   02;-74.109;4.672;10;3;;2017;10;3;157
A912;11472;18/04/2022;2;1;ACOMPANANTE;HERIDO;MASCULINO;18;2;1;CL 52 A  - KR 73   02;-74.109;4.672;10;3;;2017;10;3;157
A913;11473;18/04/2022;1;;PEATON;HERIDO;MASCULINO;10;2;2;KR 81  - CL 46  S 02;-74.17;4.622;8;1;;;;;157
A914;11474;18/04/2022;0;1;CONDUCTOR;;;;2;2;KR 81  - CL 46  S 02;-74.17;4.622;8;1;;2013;1;3;157
A915;11475;19/04/2022;1;2;CONDUCTOR;;;;2;1;CL 67 B  S- KR 62   02;-74.151.928.882;459.001.610.199.999;19;1;;;1;0;98
A916;11476;19/04/2022;1;2;CONDUCTOR;;;;2;1;CL 67 B  S- KR 62   02;-74.151.928.882;459.001.610.199.999;19;1;;;1;0;157
A917;11477;19/04/2022;0;1;CICLISTA;HERIDO;FEMENINO;17;2;1;CL 67 B  S- KR 62   02;-74.151.928.882;459.001.610.199.999;19;1;;;13;0;98
A918;11478;19/04/2022;0;1;CICLISTA;HERIDO;FEMENINO;17;2;1;CL 67 B  S- KR 62   02;-74.151.928.882;459.001.610.199.999;19;1;;;13;0;157
A919;11479;27/04/2022;1;2;CONDUCTOR;ILESO;MASCULINO;68;3;1;CL 65 BIS S- KR 84   02;-74.19;4.616;7;;;2007;5;2;103
A920;11480;27/04/2022;0;1;CONDUCTOR;ILESO;MASCULINO;25;3;1;CL 65 BIS S- KR 84   02;-74.19;4.616;7;;;2014;9;2;103
A921;11481;26/04/2022;1;2;CONDUCTOR;ILESO;MASCULINO;60;3;1;CL 122  - KR 18   02;-74.047;4.701;1;;;2008;1;3;112
A922;11482;26/04/2022;0;1;MOTOCICLISTA;ILESO;MASCULINO;21;3;1;CL 122  - KR 18   02;-74.047;4.701;1;;;2021;10;3;112
A923;11483;28/04/2022;0;1;CONDUCTOR;ILESO;MASCULINO;43;2;4;AV AVENIDA PRIMERO DE MAYO - CL 40  S 02;-74.152;4.617;8;2;;2020;2;2;119
A924;11484;28/04/2022;1;1;PASAJERO;HERIDO;FEMENINO;64;2;4;AV AVENIDA PRIMERO DE MAYO - CL 40  S 02;-74.152;4.617;8;2;;2020;2;2;119
A925;11485;28/04/2022;2;1;ACOMPANANTE;HERIDO;MASCULINO;63;2;4;AV AVENIDA PRIMERO DE MAYO - CL 40  S 02;-74.152;4.617;8;2;;2020;2;2;119
A926;11486;27/04/2022;1;2;CONDUCTOR;ILESO;MASCULINO;82;3;1;KR 24  - CL 37   02;-74.075;4.627;13;;;2007;1;3;157
A927;11487;27/04/2022;0;1;CONDUCTOR;ILESO;MASCULINO;51;3;1;KR 24  - CL 37   02;-74.075;4.627;13;;;1997;1;3;157
A928;11488;28/04/2022;1;;PEATON;HERIDO;MASCULINO;48;2;2;CL 72  - KR 69   02;-74.088.882.846;468.127.817.300.001;10;3;;;;;114
A929;11489;28/04/2022;2;;PEATON;HERIDO;MASCULINO;62;2;2;CL 72  - KR 69   02;-74.088.882.846;468.127.817.300.001;10;3;;;;;114
A930;11490;28/04/2022;1;;PEATON;HERIDO;MASCULINO;48;2;2;CL 72  - KR 69   02;-74.088.882.846;468.127.817.300.001;10;3;;;;;157