FORMULARIO;CODIGO_ACCIDENTE;FECHA;CODIGO_VICTIMA;CODIGO_VEHICULO;TIPO_ACTOR;ESTADO;GENERO;EDAD;GRAVEDAD;CLASE_SINIESTRO;DIRECCION;LONGITUD;LATITUD;CODIGO_LOCALIDAD;TOTAL_HERIDOS;TOTAL_MUERTOS;MOD_VEHICULO;CLASE_VEHICULO;SERVICIO_VEHICULO;CODIGO_CAUSA
A931;11491;28/04/2022;2;;PEATON;HERIDO;MASCULINO;62;2;2;CL 72  - KR 69   02;-74.088.882.846;468.127.817.300.001;10;3;;;;;157
A932;11492;28/04/2022;0;1;MOTOCICLISTA;HERIDO;MASCULINO;26;2;2;CL 72  - KR 69   02;-74.088.882.846;468.127.817.300.001;10;3;;2013;10;3;114
A933;11493;28/04/2022;0;1;MOTOCICLISTA;HERIDO;MASCULINO;26;2;2;CL 72  - KR 69   02;-74.088.882.846;468.127.817.300.001;10;3;;2013;10;3;157
A934;11494;28/04/2022;1;2;CONDUCTOR;ILESO;MASCULINO;64;3;1;CL 3  - KR 23 A  02;-74.094;4.599;14;;;2020;1;2;121
A935;11495;28/04/2022;0;1;CONDUCTOR;ILESO;MASCULINO;33;3;1;CL 3  - KR 23 A  02;-74.094;4.599;14;;;2015;2;1;121
A936;11496;28/04/2022;1;2;CONDUCTOR;ILESO;MASCULINO;21;3;1;AV AVENIDA DE LAS AMERICAS - KR 62   02;-74.117.211.308;462.885.897.799.998;16;;;2012;4;2;143
A937;11497;28/04/2022;1;2;CONDUCTOR;ILESO;MASCULINO;21;3;1;AV AVENIDA DE LAS AMERICAS - KR 62   02;-74.117.211.308;462.885.897.799.998;16;;;2012;4;2;143
A938;11498;28/04/2022;0;1;CONDUCTOR;ILESO;MASCULINO;30;3;1;AV AVENIDA DE LAS AMERICAS - KR 62   02;-74.117.211.308;462.885.897.799.998;16;;;2020;2;2;143
A939;11499;28/04/2022;0;1;CONDUCTOR;ILESO;MASCULINO;30;3;1;AV AVENIDA DE LAS AMERICAS - KR 62   02;-74.117.211.308;462.885.897.799.998;16;;;2020;2;2;143
A940;11500;27/04/2022;1;2;CONDUCTOR;ILESO;MASCULINO;34;3;1;KR 82  - CL 24 A  02;-74.122;4.67;9;;;2017;1;3;121
A941;11501;27/04/2022;0;1;CONDUCTOR;ILESO;MASCULINO;30;3;1;KR 82  - CL 24 A  02;-74.122;4.67;9;;;2021;1;3;121
A942;11502;28/04/2022;1;2;CONDUCTOR;ILESO;MASCULINO;48;3;1;KR 7  - CL 65   02;-74.059;4.649;2;;;2019;1;3;121
A943;11503;28/04/2022;0;1;CONDUCTOR;ILESO;MASCULINO;45;3;1;KR 7  - CL 65   02;-74.059;4.649;2;;;1992;1;3;121
A944;11504;24/04/2022;1;2;CONDUCTOR;ILESO;MASCULINO;24;3;1;CL 44  S- KR 9 L  02;-74.109;4.562;18;;;2014;1;2;121
A945;11505;24/04/2022;0;1;CONDUCTOR;ILESO;MASCULINO;28;3;1;CL 44  S- KR 9 L  02;-74.109;4.562;18;;;2011;2;2;121
A946;11506;28/04/2022;1;2;CONDUCTOR;ILESO;MASCULINO;55;3;1;KR 10  - CL 2   02;-74.084;4.591;17;;;2020;2;2;134
A947;11507;28/04/2022;0;1;CONDUCTOR;ILESO;MASCULINO;40;3;1;KR 10  - CL 2   02;-74.084;4.591;17;;;2015;2;2;134
A948;11508;26/04/2022;1;2;CONDUCTOR;ILESO;MASCULINO;63;3;1;KR 50  - CL 26   02;-74.095;4.64;13;;;2011;1;2;134
A949;11509;26/04/2022;0;1;CONDUCTOR;ILESO;MASCULINO;56;3;1;KR 50  - CL 26   02;-74.095;4.64;13;;;2017;5;1;134
A950;11510;27/04/2022;1;2;CONDUCTOR;ILESO;MASCULINO;26;3;1;CL 55  S- KR 17 A  02;-74.13;4.565;6;;;2011;1;3;121
A951;11511;27/04/2022;0;1;CONDUCTOR;ILESO;MASCULINO;31;3;1;CL 55  S- KR 17 A  02;-74.13;4.565;6;;;2013;9;2;121
A952;11512;28/04/2022;1;2;CONDUCTOR;ILESO;MASCULINO;36;3;1;CL 61  S- KR 22   02;-74.144;4.567;12;;;2016;2;2;103
A953;11513;28/04/2022;0;1;CONDUCTOR;ILESO;MASCULINO;59;3;1;CL 61  S- KR 22   02;-74.144;4.567;12;;;2014;5;2;103
A954;11514;28/04/2022;1;2;CONDUCTOR;ILESO;FEMENINO;36;3;1;CL 80  - KR 94   02;-74.108;4.706;10;;;2019;5;3;121
A955;11515;28/04/2022;0;1;CONDUCTOR;ILESO;FEMENINO;29;3;1;CL 80  - KR 94   02;-74.108;4.706;10;;;2005;6;3;121
A956;11516;27/04/2022;1;2;CONDUCTOR;ILESO;MASCULINO;36;3;1;CL 56  S- KR 24   02;-74.139;4.573;6;;;2014;2;2;134
A957;11517;27/04/2022;0;1;CONDUCTOR;ILESO;MASCULINO;40;3;1;CL 56  S- KR 24   02;-74.139;4.573;6;;;2017;2;2;134
A958;11518;28/04/2022;0;1;CONDUCTOR;ILESO;MASCULINO;53;2;4;KR 78 C  - CL 70  S 02;-74.192;4.602;7;1;;2014;2;2;157
A959;11519;28/04/2022;1;1;PASAJERO;HERIDO;FEMENINO;41;2;4;KR 78 C  - CL 70  S 02;-74.192;4.602;7;1;;2014;2;2;157
A960;11520;28/04/2022;1;2;CONDUCTOR;ILESO;MASCULINO;23;3;1;KR 73 B  - CL 26  S 02;-74.144;4.622;8;;;2015;1;2;114
A961;11521;28/04/2022;0;1;CONDUCTOR;ILESO;MASCULINO;58;3;1;KR 73 B  - CL 26  S 02;-74.144;4.622;8;;;2002;6;3;114
A962;11522;28/04/2022;1;2;MOTOCICLISTA;HERIDO;MASCULINO;28;2;1;KR 72 J  - CL 39  S 02;-74.145.466.604;461.001.097.299.999;8;1;;2021;10;3;112
A963;11523;28/04/2022;0;1;CONDUCTOR;ILESO;MASCULINO;38;2;1;KR 72 J  - CL 39  S 02;-74.145.466.604;461.001.097.299.999;8;1;;2019;1;3;112
A964;11524;26/04/2022;1;2;CONDUCTOR;ILESO;MASCULINO;59;3;1;CL 63  - KR 73 A  02;-74.106;4.676;10;;;2017;1;2;121
A965;11525;26/04/2022;0;1;CONDUCTOR;ILESO;MASCULINO;0;3;1;CL 63  - KR 73 A  02;-74.106;4.676;10;;;2021;5;3;121
A966;11526;27/04/2022;1;2;CONDUCTOR;ILESO;MASCULINO;54;2;1;AV AVENIDA BOYACA - CL 59 C  S 02;-74.155;4.581;6;1;;2021;1;2;103
A967;11527;27/04/2022;0;1;MOTOCICLISTA;HERIDO;MASCULINO;26;2;1;AV AVENIDA BOYACA - CL 59 C  S 02;-74.155;4.581;6;1;;2019;10;3;103
A968;11528;28/04/2022;1;2;CONDUCTOR;ILESO;MASCULINO;49;3;1;KR 68  - CL 26   02;-74.103;4.654;13;;;2020;5;3;103
A969;11529;28/04/2022;0;1;CONDUCTOR;ILESO;MASCULINO;30;3;1;KR 68  - CL 26   02;-74.103;4.654;13;;;2015;2;2;103
A970;11530;28/04/2022;1;2;CONDUCTOR;ILESO;MASCULINO;45;3;1;CL 3  - KR 31 D  02;-74.104;4.605;16;;;2021;5;2;122
A971;11531;28/04/2022;0;1;CONDUCTOR;ILESO;MASCULINO;27;3;1;CL 3  - KR 31 D  02;-74.104;4.605;16;;;2014;6;3;122
A972;11532;28/04/2022;0;1;MOTOCICLISTA;HERIDO;MASCULINO;25;2;1;KR 10  - CL 22 B  S 02;-74.096;4.575;18;2;;2013;10;3;157
A973;11533;28/04/2022;1;1;ACOMPANANTE;HERIDO;FEMENINO;20;2;1;KR 10  - CL 22 B  S 02;-74.096;4.575;18;2;;2013;10;3;157
A974;11534;28/04/2022;2;3;CONDUCTOR;ILESO;MASCULINO;33;3;1;CL 13  - KR 137 A  02;-74.17;4.696;9;;;2009;5;2;121
A975;11535;28/04/2022;1;2;CONDUCTOR;ILESO;MASCULINO;36;3;1;CL 13  - KR 137 A  02;-74.17;4.696;9;;;2016;1;3;121
A976;11536;28/04/2022;0;1;CONDUCTOR;ILESO;MASCULINO;45;3;1;CL 13  - KR 137 A  02;-74.17;4.696;9;;;2020;8;2;121
A977;11537;28/04/2022;1;2;CICLISTA;HERIDO;MASCULINO;68;2;1;KR 50  - AV AVENIDA PRIMERO DE MAYO  02;-74.121;4.603;16;1;;;13;0;132
A978;11538;28/04/2022;0;1;CONDUCTOR;ILESO;MASCULINO;21;2;1;KR 50  - AV AVENIDA PRIMERO DE MAYO  02;-74.121;4.603;16;1;;2014;5;2;132
A979;11539;28/04/2022;2;3;CONDUCTOR;ILESO;MASCULINO;28;3;1;AU SUR - CL 26  S 02;-74.113;4.596;16;;;2007;1;3;121
A980;11540;28/04/2022;1;2;CONDUCTOR;ILESO;MASCULINO;19;3;1;AU SUR - CL 26  S 02;-74.113;4.596;16;;;2021;5;2;121
A981;11541;28/04/2022;0;1;CONDUCTOR;ILESO;MASCULINO;51;3;1;AU SUR - CL 26  S 02;-74.113;4.596;16;;;2008;9;2;121
A982;11542;28/04/2022;1;2;CONDUCTOR;ILESO;FEMENINO;42;3;1;TV 60  - CL 122   02;-74.071;4.707;11;;;2017;6;3;121
A983;11543;28/04/2022;0;1;CONDUCTOR;ILESO;MASCULINO;31;3;1;TV 60  - CL 122   02;-74.071;4.707;11;;;2005;1;2;121
A984;11544;28/04/2022;1;2;CONDUCTOR;ILESO;MASCULINO;79;3;1;KR 7  - CL 147   02;-74.026.035.244;472.277.135.100.001;1;;;2014;1;3;157
A985;11545;28/04/2022;1;2;CONDUCTOR;ILESO;MASCULINO;79;3;1;KR 7  - CL 147   02;-74.026.035.244;472.277.135.100.001;1;;;2014;1;3;157
A986;11546;28/04/2022;0;1;CONDUCTOR;ILESO;MASCULINO;58;3;1;KR 7  - CL 147   02;-74.026.035.244;472.277.135.100.001;1;;;2018;9;1;157
A987;11547;28/04/2022;0;1;CONDUCTOR;ILESO;MASCULINO;58;3;1;KR 7  - CL 147   02;-74.026.035.244;472.277.135.100.001;1;;;2018;9;1;157
A988;11548;28/04/2022;2;3;CONDUCTOR;ILESO;MASCULINO;53;3;1;CL 71  S- KR 10   02;-74.131;4.538;19;;;2019;4;2;121
A989;11549;28/04/2022;2;3;CONDUCTOR;ILESO;MASCULINO;53;3;1;CL 71  S- KR 10   02;-74.131;4.538;19;;;2019;4;2;121
A990;11550;28/04/2022;1;2;CONDUCTOR;ILESO;MASCULINO;37;3;1;CL 71  S- KR 10   02;-74.131;4.538;19;;;2012;4;2;121
A991;11551;28/04/2022;1;2;CONDUCTOR;ILESO;MASCULINO;37;3;1;CL 71  S- KR 10   02;-74.131;4.538;19;;;2012;4;2;121
A992;11552;28/04/2022;0;1;CONDUCTOR;ILESO;MASCULINO;57;3;1;CL 71  S- KR 10   02;-74.131;4.538;19;;;2006;8;2;121
A993;11553;28/04/2022;0;1;CONDUCTOR;ILESO;MASCULINO;57;3;1;CL 71  S- KR 10   02;-74.131;4.538;19;;;2006;8;2;121
A994;11554;27/04/2022;1;2;CONDUCTOR;ILESO;MASCULINO;36;3;1;KR 72  - CL 22   02;-74.12;4.657;9;;;2020;1;2;103
A995;11555;27/04/2022;0;1;CONDUCTOR;ILESO;MASCULINO;44;3;1;KR 72  - CL 22   02;-74.12;4.657;9;;;2016;2;2;103
A996;11556;27/04/2022;1;2;CONDUCTOR;ILESO;MASCULINO;42;3;1;KR 111 A  - CL 16 B  02;-74.154;4.678;9;;;2021;4;2;134
A997;11557;27/04/2022;0;1;CONDUCTOR;ILESO;MASCULINO;40;3;1;KR 111 A  - CL 16 B  02;-74.154;4.678;9;;;2017;1;3;134
A998;11558;27/04/2022;1;2;CONDUCTOR;ILESO;FEMENINO;53;3;1;CL 80  - KR 118   02;-74.124;4.726;10;;;2021;5;3;103
A999;11559;27/04/2022;0;1;CICLISTA;ILESO;MASCULINO;66;3;1;CL 80  - KR 118   02;-74.124;4.726;10;;;;13;0;103
A1000;11560;27/04/2022;1;2;CONDUCTOR;HERIDO;MASCULINO;57;2;1;CL 24  - KR 58   02;-74.101;4.643;13;4;;2011;1;3;121
A1001;11561;27/04/2022;2;2;ACOMPANANTE;HERIDO;FEMENINO;53;2;1;CL 24  - KR 58   02;-74.101;4.643;13;4;;2011;1;3;121
A1002;11562;27/04/2022;0;1;CONDUCTOR;ILESO;MASCULINO;23;2;1;CL 24  - KR 58   02;-74.101;4.643;13;4;;2008;7;2;121
A1003;11563;27/04/2022;3;1;PASAJERO;HERIDO;MASCULINO;35;2;1;CL 24  - KR 58   02;-74.101;4.643;13;4;;2008;7;2;121
A1004;11564;27/04/2022;4;1;PASAJERO;HERIDO;FEMENINO;32;2;1;CL 24  - KR 58   02;-74.101;4.643;13;4;;2008;7;2;121
A1005;11565;28/04/2022;2;3;CONDUCTOR;ILESO;MASCULINO;35;3;1;KR 20  - CL 90   02;-74.058.369.271;467.722.861.800.002;2;;;2007;6;3;121
A1006;11566;28/04/2022;1;2;CONDUCTOR;ILESO;MASCULINO;26;3;1;KR 20  - CL 90   02;-74.058.369.271;467.722.861.800.002;2;;;2003;1;3;121
A1007;11567;28/04/2022;0;1;CONDUCTOR;ILESO;FEMENINO;23;3;1;KR 20  - CL 90   02;-74.058.369.271;467.722.861.800.002;2;;;2010;5;3;121
A1008;11568;28/04/2022;1;2;CONDUCTOR;ILESO;MASCULINO;33;3;1;KR 16  - CL 22   02;-74.076;4.611;14;;;2020;1;3;121
A1009;11569;28/04/2022;0;1;CONDUCTOR;ILESO;MASCULINO;58;3;1;KR 16  - CL 22   02;-74.076;4.611;14;;;2015;1;2;121
A1010;11570;28/04/2022;1;2;CONDUCTOR;ILESO;MASCULINO;33;3;1;AU NORTE - CL 224   02;-74.038;4.802;1;;;2015;4;2;121
A1011;11571;28/04/2022;0;1;CONDUCTOR;ILESO;MASCULINO;27;3;1;AU NORTE - CL 224   02;-74.038;4.802;1;;;2021;1;3;121
A1012;11572;27/04/2022;1;2;CONDUCTOR;ILESO;FEMENINO;30;3;1;KR 72  - CL 127 A  02;-74.079;4.711;11;;;2007;6;3;103
A1013;11573;27/04/2022;0;1;CONDUCTOR;ILESO;MASCULINO;27;3;1;KR 72  - CL 127 A  02;-74.079;4.711;11;;;2006;2;2;103
A1014;11574;28/04/2022;1;2;CONDUCTOR;ILESO;MASCULINO;53;3;1;KR 110 G  - CL 73   02;-74.125;4.713;10;;;2015;2;2;103
A1015;11575;28/04/2022;0;1;CONDUCTOR;ILESO;FEMENINO;59;3;1;KR 110 G  - CL 73   02;-74.125;4.713;10;;;2020;5;3;103
A1016;11576;27/04/2022;1;2;CONDUCTOR;ILESO;MASCULINO;30;3;1;DG 79 C  - KR 71 B  02;-74.089;4.695;10;;;2007;8;2;103
A1017;11577;27/04/2022;0;1;CONDUCTOR;ILESO;FEMENINO;26;3;1;DG 79 C  - KR 71 B  02;-74.089;4.695;10;;;2018;1;3;103
A1018;11578;28/04/2022;1;2;CONDUCTOR;ILESO;MASCULINO;30;3;1;KR 86  - CL 15 A  02;-74.139;4.657;8;;;2021;8;2;145
A1019;11579;28/04/2022;1;2;CONDUCTOR;ILESO;MASCULINO;30;3;1;KR 86  - CL 15 A  02;-74.139;4.657;8;;;2021;8;2;157
A1020;11580;28/04/2022;0;1;CONDUCTOR;ILESO;MASCULINO;49;3;1;KR 86  - CL 15 A  02;-74.139;4.657;8;;;2020;1;2;145
A1021;11581;28/04/2022;0;1;CONDUCTOR;ILESO;MASCULINO;49;3;1;KR 86  - CL 15 A  02;-74.139;4.657;8;;;2020;1;2;157
A1022;11582;23/09/2021;1;2;MOTOCICLISTA;HERIDO;MASCULINO;40;2;1;CL 70  - KR 28   02;-74.072.126.316;466.265.851.999.998;12;3;;2016;10;3;112
A1023;11583;23/09/2021;2;2;ACOMPANANTE;HERIDO;FEMENINO;29;2;1;CL 70  - KR 28   02;-74.072.126.316;466.265.851.999.998;12;3;;2016;10;3;112
A1024;11584;23/09/2021;0;1;CONDUCTOR;HERIDO;MASCULINO;56;2;1;CL 70  - KR 28   02;-74.072.126.316;466.265.851.999.998;12;3;;2019;5;2;112
A1025;11585;20/09/2021;1;2;CONDUCTOR;ILESO;MASCULINO;27;3;1;CL 127  - KR 55   02;-74.064.657.418;470.954.670.399.999;11;;;2021;5;3;121
A1026;11586;20/09/2021;0;1;CONDUCTOR;ILESO;MASCULINO;28;3;1;CL 127  - KR 55   02;-74.064.657.418;470.954.670.399.999;11;;;2015;5;2;121
A1027;11587;21/09/2021;0;1;CONDUCTOR;ILESO;MASCULINO;36;2;4;AK 68  - CL 24 B  02;-74.105.401.794;465.074.452.700.003;13;1;;2015;2;2;157
A1028;11588;21/09/2021;1;1;PASAJERO;HERIDO;FEMENINO;64;2;4;AK 68  - CL 24 B  02;-74.105.401.794;465.074.452.700.003;13;1;;2015;2;2;157
A1029;11589;21/09/2021;0;1;CONDUCTOR;ILESO;MASCULINO;36;2;4;AK 68  - CL 24 B  02;-74.105.401.794;465.074.452.700.003;13;1;;2015;2;2;506
A1030;11590;21/09/2021;1;1;PASAJERO;HERIDO;FEMENINO;64;2;4;AK 68  - CL 24 B  02;-74.105.401.794;465.074.452.700.003;13;1;;2015;2;2;506
A1031;11591;23/09/2021;1;2;MOTOCICLISTA;HERIDO;MASCULINO;20;2;1;CL 17  - KR 96 H  02;-74.143.651.149;466.984.040.300.002;9;1;;2015;10;3;132
A1032;11592;23/09/2021;0;1;CONDUCTOR;ILESO;MASCULINO;31;2;1;CL 17  - KR 96 H  02;-74.143.651.149;466.984.040.300.002;9;1;;2013;5;2;132
A1033;11593;21/09/2021;2;3;MOTOCICLISTA;HERIDO;MASCULINO;26;2;1;KR 68  - CL 10   02;-74.120.799.552;463.240.325.499.999;16;1;;2021;10;3;122
A1034;11594;21/09/2021;1;2;CONDUCTOR;ILESO;MASCULINO;24;2;1;KR 68  - CL 10   02;-74.120.799.552;463.240.325.499.999;16;1;;2009;1;2;122
A1035;11595;21/09/2021;0;1;CONDUCTOR;ILESO;MASCULINO;36;2;1;KR 68  - CL 10   02;-74.120.799.552;463.240.325.499.999;16;1;;2021;2;2;122
A1036;11596;23/09/2021;1;;PEATON;HERIDO;FEMENINO;58;2;2;CL 16 H  - KR 69 B  02;-74.120.998.024;464.779.415.300.001;9;1;;;;;122
A1037;11597;23/09/2021;0;1;CONDUCTOR;ILESO;FEMENINO;35;2;2;CL 16 H  - KR 69 B  02;-74.120.998.024;464.779.415.300.001;9;1;;2011;6;3;122
A1038;11598;23/09/2021;1;;PEATON;HERIDO;MASCULINO;48;2;2;CL 63  - KR 93   02;-74.118.621.357;468.947.744.899.998;10;1;;;;;157
A1039;11599;23/09/2021;1;;PEATON;HERIDO;MASCULINO;48;2;2;CL 63  - KR 93   02;-74.118.621.357;468.947.744.899.998;10;1;;;;;410
A1040;11600;23/09/2021;0;1;CONDUCTOR;ILESO;MASCULINO;24;2;2;CL 63  - KR 93   02;-74.118.621.357;468.947.744.899.998;10;1;;2017;1;3;157
A1041;11601;23/09/2021;0;1;CONDUCTOR;ILESO;MASCULINO;24;2;2;CL 63  - KR 93   02;-74.118.621.357;468.947.744.899.998;10;1;;2017;1;3;410
A1042;11602;23/09/2021;1;;PEATON;HERIDO;FEMENINO;43;2;2;KR 7  - CL 119   02;-74.031.895.127;4.695.931.938;1;1;;;;;411
A1043;11603;23/09/2021;0;1;MOTOCICLISTA;ILESO;MASCULINO;35;2;2;KR 7  - CL 119   02;-74.031.895.127;4.695.931.938;1;1;;2013;10;3;411
A1044;11604;21/09/2021;1;2;MOTOCICLISTA;HERIDO;MASCULINO;24;2;1;AV AVENIDA CIUDAD DE CALI - CL 69  S 02;-74.193.107.395;4.614.905.133;7;1;;2019;10;3;103
A1045;11605;21/09/2021;1;2;MOTOCICLISTA;HERIDO;MASCULINO;24;2;1;AV AVENIDA CIUDAD DE CALI - CL 69  S 02;-74.193.107.395;4.614.905.133;7;1;;2019;10;3;121
A1046;11606;21/09/2021;0;1;CONDUCTOR;ILESO;MASCULINO;43;2;1;AV AVENIDA CIUDAD DE CALI - CL 69  S 02;-74.193.107.395;4.614.905.133;7;1;;2012;1;3;103
A1047;11607;21/09/2021;0;1;CONDUCTOR;ILESO;MASCULINO;43;2;1;AV AVENIDA CIUDAD DE CALI - CL 69  S 02;-74.193.107.395;4.614.905.133;7;1;;2012;1;3;121
A1048;11608;21/09/2021;1;2;CONDUCTOR;ILESO;MASCULINO;62;2;1;CL 6  - KR 73 A  02;-74.141.520.981;463.039.588.599.997;8;1;;2013;5;3;121
A1049;11609;21/09/2021;0;1;CONDUCTOR;HERIDO;MASCULINO;19;2;1;CL 6  - KR 73 A  02;-74.141.520.981;463.039.588.599.997;8;1;;2012;1;3;121
A1050;11610;21/09/2021;2;3;CONDUCTOR;ILESO;MASCULINO;38;3;6;CL 37  S- KR 11 C  02;-7.410.946.686;4.566.579.139;4;;;2011;1;3;157
A1051;11611;21/09/2021;1;2;CONDUCTOR;ILESO;MASCULINO;32;3;6;CL 37  S- KR 11 C  02;-7.410.946.686;4.566.579.139;4;;;2018;12;2;157
A1052;11612;21/09/2021;0;1;CONDUCTOR;ILESO;MASCULINO;55;3;6;CL 37  S- KR 11 C  02;-7.410.946.686;4.566.579.139;4;;;2013;9;2;157
A1053;11613;23/09/2021;1;2;CONDUCTOR;HERIDO;FEMENINO;22;2;1;AV AVENIDA CIUDAD DE QUITO - CL 94   02;-74.055;4.681;2;3;;2014;1;3;157
A1054;11614;23/09/2021;2;2;ACOMPANANTE;HERIDO;FEMENINO;74;2;1;AV AVENIDA CIUDAD DE QUITO - CL 94   02;-74.055;4.681;2;3;;2014;1;3;157
A1055;11615;23/09/2021;1;2;CONDUCTOR;HERIDO;FEMENINO;22;2;1;AV AVENIDA CIUDAD DE QUITO - CL 94   02;-74.055;4.681;2;3;;2014;1;3;157
A1056;11616;23/09/2021;2;2;ACOMPANANTE;HERIDO;FEMENINO;74;2;1;AV AVENIDA CIUDAD DE QUITO - CL 94   02;-74.055;4.681;2;3;;2014;1;3;157
A1057;11617;23/09/2021;0;1;MOTOCICLISTA;HERIDO;MASCULINO;35;2;1;AV AVENIDA CIUDAD DE QUITO - CL 94   02;-74.055;4.681;2;3;;2013;10;3;157
A1058;11618;23/09/2021;0;1;MOTOCICLISTA;HERIDO;MASCULINO;35;2;1;AV AVENIDA CIUDAD DE QUITO - CL 94   02;-74.055;4.681;2;3;;2013;10;3;157
A1059;11619;24/09/2021;0;1;MOTOCICLISTA;HERIDO;FEMENINO;47;2;3;CL 138  - KR 73   02;-74.071.107.832;473.068.157.599.999;11;1;;2014;10;3;306
A1060;11620;23/09/2021;1;2;MOTOCICLISTA;;;;3;1;KR 68 C  - CL 1   02;-74.127.541.886;462.174.195.900.002;8;;;;10;0;157
A1061;11621;23/09/2021;0;1;CICLISTA;ILESO;MASCULINO;68;3;1;KR 68 C  - CL 1   02;-74.127.541.886;462.174.195.900.002;8;;;;13;0;157
A1062;11622;24/09/2021;1;2;MOTOCICLISTA;HERIDO;MASCULINO;30;2;1;CL 26  - KR 33   02;-74.083.296.902;463.006.568.600.002;13;1;;2013;10;3;202
A1063;11623;24/09/2021;0;1;CONDUCTOR;ILESO;FEMENINO;52;2;1;CL 26  - KR 33   02;-74.083.296.902;463.006.568.600.002;13;1;;2020;1;3;202
A1064;11624;23/09/2021;1;2;CONDUCTOR;ILESO;FEMENINO;35;3;1;CL 134  - KR 13   02;-74.041.878.707;471.603.905.500.001;1;;;2021;5;3;112
A1065;11625;23/09/2021;0;1;MOTOCICLISTA;ILESO;MASCULINO;41;3;1;CL 134  - KR 13   02;-74.041.878.707;471.603.905.500.001;1;;;2011;10;3;112
A1066;11626;24/09/2021;1;2;CICLISTA;HERIDO;MASCULINO;27;2;1;AV AVENIDA TRANSVERSAL DE SUBA - KR 79   02;-74.077;4.733;11;2;;;13;0;106
A1067;11627;24/09/2021;1;2;CICLISTA;HERIDO;MASCULINO;27;2;1;AV AVENIDA TRANSVERSAL DE SUBA - KR 79   02;-74.077;4.733;11;2;;;13;0;127
A1068;11628;24/09/2021;0;1;MOTOCICLISTA;HERIDO;MASCULINO;35;2;1;AV AVENIDA TRANSVERSAL DE SUBA - KR 79   02;-74.077;4.733;11;2;;2018;10;3;106
A1069;11629;24/09/2021;0;1;MOTOCICLISTA;HERIDO;MASCULINO;35;2;1;AV AVENIDA TRANSVERSAL DE SUBA - KR 79   02;-74.077;4.733;11;2;;2018;10;3;127
A1070;11630;21/09/2021;1;2;CONDUCTOR;ILESO;MASCULINO;24;3;1;KR 79  - CL 40 C  S 02;-74.158.358.072;462.235.216.300.002;8;;;2019;1;3;103
A1071;11631;21/09/2021;1;2;CONDUCTOR;ILESO;MASCULINO;24;3;1;KR 79  - CL 40 C  S 02;-74.158.358.072;462.235.216.300.002;8;;;2019;1;3;143
A1072;11632;21/09/2021;0;1;CONDUCTOR;ILESO;FEMENINO;36;3;1;KR 79  - CL 40 C  S 02;-74.158.358.072;462.235.216.300.002;8;;;2013;2;2;103
A1073;11633;21/09/2021;0;1;CONDUCTOR;ILESO;FEMENINO;36;3;1;KR 79  - CL 40 C  S 02;-74.158.358.072;462.235.216.300.002;8;;;2013;2;2;143
A1074;11634;22/09/2021;1;2;CONDUCTOR;ILESO;FEMENINO;32;3;1;KR 68 H  - CL 75   02;-74.084.825.755;468.338.667.299.997;10;;;2015;1;3;112
A1075;11635;22/09/2021;0;1;CONDUCTOR;ILESO;MASCULINO;30;3;1;KR 68 H  - CL 75   02;-74.084.825.755;468.338.667.299.997;10;;;2017;1;3;112
A1076;11636;19/09/2021;1;2;CONDUCTOR;ILESO;MASCULINO;37;3;1;KR 7  - CL 117   02;-74.031.683.884;4.694.430.684;1;;;2021;5;3;103
A1077;11637;19/09/2021;1;2;CONDUCTOR;ILESO;MASCULINO;37;3;1;KR 7  - CL 117   02;-74.031.683.884;4.694.430.684;1;;;2021;5;3;141
A1078;11638;19/09/2021;0;1;CONDUCTOR;ILESO;FEMENINO;49;3;1;KR 7  - CL 117   02;-74.031.683.884;4.694.430.684;1;;;2007;6;3;103
A1079;11639;19/09/2021;0;1;CONDUCTOR;ILESO;FEMENINO;49;3;1;KR 7  - CL 117   02;-74.031.683.884;4.694.430.684;1;;;2007;6;3;141
A1080;11640;23/09/2021;1;2;CONDUCTOR;ILESO;MASCULINO;54;3;1;KR 30  - CL 5   02;-74.099.056.453;460.472.080.900.001;14;;;2020;1;3;121
A1081;11641;23/09/2021;0;1;CONDUCTOR;ILESO;MASCULINO;35;3;1;KR 30  - CL 5   02;-74.099.056.453;460.472.080.900.001;14;;;2011;4;2;121
A1082;11642;18/11/2021;1;2;CONDUCTOR;ILESO;MASCULINO;33;3;1;CL 26  - KR 85 D  02;-74.116.614.538;467.839.818.700.003;10;;;2020;1;3;121
A1083;11643;18/11/2021;0;1;CONDUCTOR;ILESO;MASCULINO;21;3;1;CL 26  - KR 85 D  02;-74.116.614.538;467.839.818.700.003;10;;;1990;1;3;121
A1084;11644;21/11/2021;1;2;CONDUCTOR;ILESO;MASCULINO;52;3;1;KR 7  - CL 222   02;-74.031;4.796;1;;;2011;6;3;157
A1085;11645;21/11/2021;0;1;CONDUCTOR;ILESO;MASCULINO;28;3;1;KR 7  - CL 222   02;-74.031;4.796;1;;;2016;4;2;157
A1086;11646;27/04/2022;1;2;CONDUCTOR;ILESO;MASCULINO;44;3;1;AK 30  - CL 1 B  02;-74.105;4.6;14;;;2014;9;2;103