FORMULARIO;CODIGO_ACCIDENTE;FECHA;CODIGO_VICTIMA;CODIGO_VEHICULO;TIPO_ACTOR;ESTADO;GENERO;EDAD;GRAVEDAD;CLASE_SINIESTRO;DIRECCION;LONGITUD;LATITUD;CODIGO_LOCALIDAD;TOTAL_HERIDOS;TOTAL_MUERTOS;MOD_VEHICULO;CLASE_VEHICULO;SERVICIO_VEHICULO;CODIGO_CAUSA
A1087;11647;27/04/2022;0;1;CONDUCTOR;ILESO;MASCULINO;49;3;1;AK 30  - CL 1 B  02;-74.105;4.6;14;;;2003;1;2;103
A1088;11648;21/11/2021;1;2;CONDUCTOR;ILESO;MASCULINO;29;3;1;CL 76 A  S- KR 12   02;-74.114.676.198;451.243.377.899.999;5;;;2015;1;2;112
A1089;11649;21/11/2021;0;1;CONDUCTOR;ILESO;MASCULINO;43;3;1;CL 76 A  S- KR 12   02;-74.114.676.198;451.243.377.899.999;5;;;2014;1;2;112
A1090;11650;18/11/2021;1;2;CONDUCTOR;ILESO;MASCULINO;18;3;1;CL 75  - KR 23   02;-74.064.792.672;466.536.521.500.001;12;;;2013;5;2;157
A1091;11651;18/11/2021;1;2;CONDUCTOR;ILESO;MASCULINO;18;3;1;CL 75  - KR 23   02;-74.064.792.672;466.536.521.500.001;12;;;2013;5;2;157
A1092;11652;18/11/2021;0;1;CONDUCTOR;ILESO;MASCULINO;22;3;1;CL 75  - KR 23   02;-74.064.792.672;466.536.521.500.001;12;;;1993;1;3;157
A1093;11653;18/11/2021;0;1;CONDUCTOR;ILESO;MASCULINO;22;3;1;CL 75  - KR 23   02;-74.064.792.672;466.536.521.500.001;12;;;1993;1;3;157
A1094;11654;18/11/2021;1;2;CONDUCTOR;ILESO;MASCULINO;49;3;1;AV AVENIDA DE LOS CERROS - CL 72 A BIS  02;-74.051;4.654;2;;;1979;5;2;151
A1095;11655;18/11/2021;1;2;CONDUCTOR;ILESO;MASCULINO;49;3;1;AV AVENIDA DE LOS CERROS - CL 72 A BIS  02;-74.051;4.654;2;;;1979;5;2;157
A1096;11656;18/11/2021;0;1;CONDUCTOR;ILESO;MASCULINO;41;3;1;AV AVENIDA DE LOS CERROS - CL 72 A BIS  02;-74.051;4.654;2;;;2013;6;1;151
A1097;11657;18/11/2021;0;1;CONDUCTOR;ILESO;MASCULINO;41;3;1;AV AVENIDA DE LOS CERROS - CL 72 A BIS  02;-74.051;4.654;2;;;2013;6;1;157
A1098;11658;21/11/2021;0;1;CONDUCTOR;ILESO;MASCULINO;36;3;1;CL 18 A  - KR 73   02;-74.136.627.018;464.314.519.800.001;9;;;2008;6;3;157
A1099;11659;19/11/2021;1;2;CONDUCTOR;ILESO;MASCULINO;46;3;1;KR 55  - CL 159   97;-74.057.208.227;474.221.193.099.999;11;;;2015;1;2;157
A1100;11660;19/11/2021;1;2;CONDUCTOR;ILESO;MASCULINO;46;3;1;KR 55  - CL 159   97;-74.057.208.227;474.221.193.099.999;11;;;2015;1;2;157
A1101;11661;19/11/2021;0;1;CONDUCTOR;ILESO;FEMENINO;70;3;1;KR 55  - CL 159   97;-74.057.208.227;474.221.193.099.999;11;;;2020;1;3;157
A1102;11662;19/11/2021;0;1;CONDUCTOR;ILESO;FEMENINO;70;3;1;KR 55  - CL 159   97;-74.057.208.227;474.221.193.099.999;11;;;2020;1;3;157
A1103;11663;24/11/2021;1;2;CICLISTA;HERIDO;MASCULINO;25;2;1;AV AVENIDA TRANSVERSAL DE SUBA - CL 119   02;-74.105;4.751;11;1;;;13;0;123
A1104;11664;24/11/2021;1;2;CICLISTA;HERIDO;MASCULINO;25;2;1;AV AVENIDA TRANSVERSAL DE SUBA - CL 119   02;-74.105;4.751;11;1;;;13;0;157
A1105;11665;24/11/2021;0;1;CONDUCTOR;ILESO;FEMENINO;25;2;1;AV AVENIDA TRANSVERSAL DE SUBA - CL 119   02;-74.105;4.751;11;1;;2013;1;3;123
A1106;11666;24/11/2021;0;1;CONDUCTOR;ILESO;FEMENINO;25;2;1;AV AVENIDA TRANSVERSAL DE SUBA - CL 119   02;-74.105;4.751;11;1;;2013;1;3;157
A1107;11667;23/11/2021;1;2;CONDUCTOR;ILESO;MASCULINO;44;2;1;CL 13  - KR 68 D  02;-74.122.161.709;4.640.424.645;9;1;;2020;5;3;142
A1108;11668;23/11/2021;2;2;PASAJERO;HERIDO;FEMENINO;29;2;1;CL 13  - KR 68 D  02;-74.122.161.709;4.640.424.645;9;1;;2020;5;3;142
A1109;11669;23/11/2021;0;1;CONDUCTOR;ILESO;MASCULINO;41;2;1;CL 13  - KR 68 D  02;-74.122.161.709;4.640.424.645;9;1;;2012;1;2;142
A1110;11670;23/11/2021;1;;PEATON;HERIDO;FEMENINO;26;2;2;CL 37  S- KR 78 H  52;-74.152.618.363;4.623.574.727;8;3;;;;;127
A1111;11671;23/11/2021;0;1;MOTOCICLISTA;HERIDO;MASCULINO;0;2;2;CL 37  S- KR 78 H  52;-74.152.618.363;4.623.574.727;8;3;;2020;10;3;127
A1112;11672;23/11/2021;2;1;ACOMPANANTE;HERIDO;MASCULINO;48;2;2;CL 37  S- KR 78 H  52;-74.152.618.363;4.623.574.727;8;3;;2020;10;3;127
A1113;11673;23/11/2021;1;2;MOTOCICLISTA;HERIDO;FEMENINO;30;2;1;CL 63  - KR 87   02;-74.103.522.236;470.181.681.100.001;10;1;;2015;10;3;103
A1114;11674;23/11/2021;0;1;CONDUCTOR;ILESO;MASCULINO;72;2;1;CL 63  - KR 87   02;-74.103.522.236;470.181.681.100.001;10;1;;2008;1;3;103
A1115;11675;22/11/2021;1;2;CONDUCTOR;ILESO;MASCULINO;27;3;1;CL 170  - KR 21   02;-74.043.844.597;475.067.069.900.001;1;;;2014;2;2;103
A1116;11676;22/11/2021;0;1;CONDUCTOR;ILESO;MASCULINO;35;3;1;CL 170  - KR 21   02;-74.043.844.597;475.067.069.900.001;1;;;2012;1;3;103
A1117;11677;19/11/2021;1;2;MOTOCICLISTA;ILESO;MASCULINO;24;3;1;CL 80  - KR 70   02;-74.085.989.016;469.211.950.699.997;10;;;2021;10;3;121
A1118;11678;19/11/2021;0;1;CONDUCTOR;ILESO;MASCULINO;60;3;1;CL 80  - KR 70   02;-74.085.989.016;469.211.950.699.997;10;;;2001;1;3;121
A1119;11679;23/11/2021;1;2;CONDUCTOR;ILESO;MASCULINO;37;3;1;CL 26  - KR 111   02;-74.145.974.095;468.467.539.300.002;9;;;2011;5;1;157
A1120;11680;23/11/2021;0;1;CONDUCTOR;ILESO;MASCULINO;33;3;1;CL 26  - KR 111   02;-74.145.974.095;468.467.539.300.002;9;;;2016;4;2;157
A1121;11681;23/11/2021;1;2;MOTOCICLISTA;HERIDO;MASCULINO;28;2;1;KR 24  - CL 75   02;-74.065.506.718;466.582.751.700.003;12;2;;2011;10;3;112
A1122;11682;23/11/2021;1;2;MOTOCICLISTA;HERIDO;MASCULINO;28;2;1;KR 24  - CL 75   02;-74.065.506.718;466.582.751.700.003;12;2;;2011;10;3;157
A1123;11683;23/11/2021;0;1;CONDUCTOR;HERIDO;MASCULINO;69;2;1;KR 24  - CL 75   02;-74.065.506.718;466.582.751.700.003;12;2;;2009;5;3;112
A1124;11684;23/11/2021;0;1;CONDUCTOR;HERIDO;MASCULINO;69;2;1;KR 24  - CL 75   02;-74.065.506.718;466.582.751.700.003;12;2;;2009;5;3;157
A1125;11685;25/11/2021;1;;PEATON;HERIDO;FEMENINO;74;2;2;KR 24  - CL 77 B  S 02;-74.154.247.018;4.539.253.351;19;1;;;;;157
A1126;11686;25/11/2021;0;1;CONDUCTOR;;;;2;2;KR 24  - CL 77 B  S 02;-74.154.247.018;4.539.253.351;19;1;;;0;0;157
A1127;11687;24/11/2021;1;2;CICLISTA;HERIDO;FEMENINO;19;2;1;CL 37  S- KR 78 G  02;-74.152.281.217;462.294.856.199.998;8;2;;;13;0;122
A1128;11688;24/11/2021;0;1;CONDUCTOR;HERIDO;MASCULINO;31;2;1;CL 37  S- KR 78 G  02;-74.152.281.217;462.294.856.199.998;8;2;;2013;1;3;122
A1129;11689;26/11/2021;1;2;CONDUCTOR;ILESO;MASCULINO;59;3;1;CL 68 A  S- KR 14 A  02;-74.119.976.934;452.669.247.900.002;5;;;2011;2;2;103
A1130;11690;26/11/2021;0;1;CONDUCTOR;ILESO;MASCULINO;22;3;1;CL 68 A  S- KR 14 A  02;-74.119.976.934;452.669.247.900.002;5;;;2016;1;2;103
A1131;11691;25/11/2021;1;;PEATON;HERIDO;FEMENINO;22;2;2;CL 74  S- KR 14  E 15;-74.091.137.837;451.727.826.899.997;4;2;;;;;157
A1132;11692;25/11/2021;2;;PEATON;HERIDO;FEMENINO;15;2;2;CL 74  S- KR 14  E 15;-74.091.137.837;451.727.826.899.997;4;2;;;;;157
A1133;11693;25/11/2021;1;;PEATON;HERIDO;FEMENINO;22;2;2;CL 74  S- KR 14  E 15;-74.091.137.837;451.727.826.899.997;4;2;;;;;404
A1134;11694;25/11/2021;2;;PEATON;HERIDO;FEMENINO;15;2;2;CL 74  S- KR 14  E 15;-74.091.137.837;451.727.826.899.997;4;2;;;;;404
A1135;11695;25/11/2021;0;1;CONDUCTOR;ILESO;FEMENINO;20;2;2;CL 74  S- KR 14  E 15;-74.091.137.837;451.727.826.899.997;4;2;;2002;1;3;157
A1136;11696;25/11/2021;0;1;CONDUCTOR;ILESO;FEMENINO;20;2;2;CL 74  S- KR 14  E 15;-74.091.137.837;451.727.826.899.997;4;2;;2002;1;3;404
A1137;11697;25/11/2021;1;;PEATON;HERIDO;MASCULINO;26;2;2;CL 130  - KR 53 D  02;-7.406.121.213;471.831.831.899.999;11;2;;;;;112
A1138;11698;25/11/2021;0;1;CONDUCTOR;HERIDO;MASCULINO;32;2;2;CL 130  - KR 53 D  02;-7.406.121.213;471.831.831.899.999;11;2;;2018;1;3;112
A1139;11699;25/11/2021;1;2;CICLISTA;HERIDO;MASCULINO;42;2;1;CL 72  S- KR 79 D  02;-74.196.946.762;460.516.774.600.001;7;3;;;13;0;90
A1140;11700;25/11/2021;2;2;ACOMPANANTE;HERIDO;FEMENINO;4;2;1;CL 72  S- KR 79 D  02;-74.196.946.762;460.516.774.600.001;7;3;;;13;0;90
A1141;11701;25/11/2021;1;2;CICLISTA;HERIDO;MASCULINO;42;2;1;CL 72  S- KR 79 D  02;-74.196.946.762;460.516.774.600.001;7;3;;;13;0;112
A1142;11702;25/11/2021;2;2;ACOMPANANTE;HERIDO;FEMENINO;4;2;1;CL 72  S- KR 79 D  02;-74.196.946.762;460.516.774.600.001;7;3;;;13;0;112
A1143;11703;25/11/2021;0;1;CONDUCTOR;HERIDO;MASCULINO;36;2;1;CL 72  S- KR 79 D  02;-74.196.946.762;460.516.774.600.001;7;3;;1997;5;3;90
A1144;11704;25/11/2021;0;1;CONDUCTOR;HERIDO;MASCULINO;36;2;1;CL 72  S- KR 79 D  02;-74.196.946.762;460.516.774.600.001;7;3;;1997;5;3;112
A1145;11705;26/11/2021;1;;PEATON;HERIDO;FEMENINO;76;2;2;CL 139  - KR 118   73;-74.107.330.515;474.491.253.799.999;11;1;;;;;98
A1146;11706;26/11/2021;0;1;MOTOCICLISTA;ILESO;MASCULINO;37;2;2;CL 139  - KR 118   73;-74.107.330.515;474.491.253.799.999;11;1;;2011;10;3;98
A1147;11707;24/11/2021;1;2;CICLISTA;HERIDO;MASCULINO;16;2;1;KR 10  - CL 9   02;-74.078.991.498;459.820.989.299.999;3;1;;;13;0;157
A1148;11708;24/11/2021;1;2;CICLISTA;HERIDO;MASCULINO;16;2;1;KR 10  - CL 9   02;-74.078.991.498;459.820.989.299.999;3;1;;;13;0;157
A1149;11709;24/11/2021;0;1;CONDUCTOR;ILESO;MASCULINO;42;2;1;KR 10  - CL 9   02;-74.078.991.498;459.820.989.299.999;3;1;;2010;2;2;157
A1150;11710;24/11/2021;0;1;CONDUCTOR;ILESO;MASCULINO;42;2;1;KR 10  - CL 9   02;-74.078.991.498;459.820.989.299.999;3;1;;2010;2;2;157
A1151;11711;25/11/2021;1;2;CONDUCTOR;HERIDO;MASCULINO;32;2;1;KR 103 A  - CL 18   02;-7.414.576.521;467.543.655.499.998;9;2;;2015;5;2;112
A1152;11712;25/11/2021;2;2;PASAJERO;HERIDO;MASCULINO;42;2;1;KR 103 A  - CL 18   02;-7.414.576.521;467.543.655.499.998;9;2;;2015;5;2;112
A1153;11713;25/11/2021;1;2;CONDUCTOR;HERIDO;MASCULINO;32;2;1;KR 103 A  - CL 18   02;-7.414.576.521;467.543.655.499.998;9;2;;2015;5;2;157
A1154;11714;25/11/2021;2;2;PASAJERO;HERIDO;MASCULINO;42;2;1;KR 103 A  - CL 18   02;-7.414.576.521;467.543.655.499.998;9;2;;2015;5;2;157
A1155;11715;25/11/2021;0;1;CONDUCTOR;ILESO;MASCULINO;62;2;1;KR 103 A  - CL 18   02;-7.414.576.521;467.543.655.499.998;9;2;;2018;6;3;112
A1156;11716;25/11/2021;0;1;CONDUCTOR;ILESO;MASCULINO;62;2;1;KR 103 A  - CL 18   02;-7.414.576.521;467.543.655.499.998;9;2;;2018;6;3;157
A1157;11717;25/11/2021;1;2;CONDUCTOR;HERIDO;MASCULINO;23;2;1;CL 161 A  - KR 8 B  02;-74.027.920.994;473.770.032.200.002;1;1;;2019;17;3;112
A1158;11718;25/11/2021;0;1;CONDUCTOR;ILESO;MASCULINO;50;2;1;CL 161 A  - KR 8 B  02;-74.027.920.994;473.770.032.200.002;1;1;;2008;5;3;112
A1159;11719;25/11/2021;1;;PEATON;HERIDO;FEMENINO;62;2;2;CL 19  - KR 39   02;-74.101.081.841;461.934.258.999.997;16;1;;;;;98
A1160;11720;25/11/2021;1;;PEATON;HERIDO;FEMENINO;62;2;2;CL 19  - KR 39   02;-74.101.081.841;461.934.258.999.997;16;1;;;;;411
A1161;11721;25/11/2021;0;1;MOTOCICLISTA;ILESO;MASCULINO;32;2;2;CL 19  - KR 39   02;-74.101.081.841;461.934.258.999.997;16;1;;2017;10;3;98
A1162;11722;25/11/2021;0;1;MOTOCICLISTA;ILESO;MASCULINO;32;2;2;CL 19  - KR 39   02;-74.101.081.841;461.934.258.999.997;16;1;;2017;10;3;411
A1163;11723;25/11/2021;1;2;CONDUCTOR;ILESO;MASCULINO;34;2;1;CL 22 B  - KR 60   02;-74.104.166.033;464.383.492.299.999;13;1;;2016;1;3;142
A1164;11724;25/11/2021;1;2;CONDUCTOR;ILESO;MASCULINO;34;2;1;CL 22 B  - KR 60   02;-74.104.166.033;464.383.492.299.999;13;1;;2016;1;3;142
A1165;11725;25/11/2021;0;1;MOTOCICLISTA;HERIDO;MASCULINO;64;2;1;CL 22 B  - KR 60   02;-74.104.166.033;464.383.492.299.999;13;1;;2011;10;3;142
A1166;11726;25/11/2021;0;1;MOTOCICLISTA;HERIDO;MASCULINO;64;2;1;CL 22 B  - KR 60   02;-74.104.166.033;464.383.492.299.999;13;1;;2011;10;3;142
A1167;11727;25/11/2021;1;2;CONDUCTOR;ILESO;MASCULINO;37;3;1;KR 5 A A - CL 164 A  20;-74.021.449.312;473.977.360.499.998;1;;;2021;5;2;134
A1168;11728;25/11/2021;1;2;CONDUCTOR;ILESO;MASCULINO;37;3;1;KR 5 A A - CL 164 A  20;-74.021.449.312;473.977.360.499.998;1;;;2021;5;2;141
A1169;11729;25/11/2021;0;1;CONDUCTOR;ILESO;MASCULINO;73;3;1;KR 5 A A - CL 164 A  20;-74.021.449.312;473.977.360.499.998;1;;;2013;1;3;134
A1170;11730;25/11/2021;0;1;CONDUCTOR;ILESO;MASCULINO;73;3;1;KR 5 A A - CL 164 A  20;-74.021.449.312;473.977.360.499.998;1;;;2013;1;3;141
A1171;11731;24/11/2021;1;2;CICLISTA;HERIDO;FEMENINO;56;2;1;KR 19 C  - CL 51  S 02;-74.129.953.426;457.017.938.600.001;6;1;;;13;0;142
A1172;11732;24/11/2021;1;2;CICLISTA;HERIDO;FEMENINO;56;2;1;KR 19 C  - CL 51  S 02;-74.129.953.426;457.017.938.600.001;6;1;;;13;0;142
A1173;11733;24/11/2021;0;1;CONDUCTOR;ILESO;MASCULINO;37;2;1;KR 19 C  - CL 51  S 02;-74.129.953.426;457.017.938.600.001;6;1;;2005;2;2;142
A1174;11734;24/11/2021;0;1;CONDUCTOR;ILESO;MASCULINO;37;2;1;KR 19 C  - CL 51  S 02;-74.129.953.426;457.017.938.600.001;6;1;;2005;2;2;142
A1175;11735;25/11/2021;1;2;CICLISTA;HERIDO;FEMENINO;21;2;1;AV AVENIDA BOYACA - CL 61  S 02;-74.138.401.923;4.557.790.689;19;1;;;13;0;121
A1176;11736;25/11/2021;0;1;CONDUCTOR;ILESO;MASCULINO;61;2;1;AV AVENIDA BOYACA - CL 61  S 02;-74.138.401.923;4.557.790.689;19;1;;1999;1;3;121
A1177;11737;25/11/2021;1;2;CONDUCTOR;ILESO;FEMENINO;35;3;1;KR 43  - CL 14   02;-7.410.094.023;462.446.610.900.002;16;;;2013;1;3;103
A1178;11738;25/11/2021;0;1;CONDUCTOR;ILESO;MASCULINO;36;3;1;KR 43  - CL 14   02;-7.410.094.023;462.446.610.900.002;16;;;2013;6;1;103
A1179;11739;25/11/2021;1;2;MOTOCICLISTA;HERIDO;FEMENINO;31;2;1;KR 79 D  - CL 58 G  S 02;-7.417.880.842;460.930.159.100.002;7;1;;2019;10;3;157
A1180;11740;25/11/2021;1;2;MOTOCICLISTA;HERIDO;FEMENINO;31;2;1;KR 79 D  - CL 58 G  S 02;-7.417.880.842;460.930.159.100.002;7;1;;2019;10;3;157
A1181;11741;25/11/2021;0;1;CONDUCTOR;ILESO;MASCULINO;42;2;1;KR 79 D  - CL 58 G  S 02;-7.417.880.842;460.930.159.100.002;7;1;;2021;1;3;157
A1182;11742;25/11/2021;0;1;CONDUCTOR;ILESO;MASCULINO;42;2;1;KR 79 D  - CL 58 G  S 02;-7.417.880.842;460.930.159.100.002;7;1;;2021;1;3;157
A1183;11743;26/11/2021;1;2;CONDUCTOR;ILESO;MASCULINO;31;3;1;CL 61  S- KR 22 G  02;-74.144.361.452;457.112.738.400.002;19;;;2020;5;2;121
A1184;11744;26/11/2021;0;1;CONDUCTOR;ILESO;MASCULINO;34;3;1;CL 61  S- KR 22 G  02;-74.144.361.452;457.112.738.400.002;19;;;1982;5;3;121
A1185;11745;26/11/2021;1;2;CONDUCTOR;ILESO;FEMENINO;39;3;1;KR 54  - CL 14   02;-74.108.534.555;462.997.340.999.999;16;;;2017;1;3;112
A1186;11746;26/11/2021;0;1;CONDUCTOR;ILESO;MASCULINO;24;3;1;KR 54  - CL 14   02;-74.108.534.555;462.997.340.999.999;16;;;2009;1;3;112
A1187;11747;26/11/2021;1;2;CONDUCTOR;ILESO;MASCULINO;30;3;1;AC 71  S- KR 4   9;-74.107.465.333;451.322.397.199.999;19;;;2021;5;3;134
A1188;11748;26/11/2021;0;1;CONDUCTOR;ILESO;MASCULINO;59;3;1;AC 71  S- KR 4   9;-74.107.465.333;451.322.397.199.999;19;;;1995;4;2;134
A1189;11749;25/11/2021;1;;PEATON;HERIDO;MASCULINO;58;2;2;KR 88 C  - CL 62 B  S 02;-74.193.147.984;462.531.571.300.002;7;1;;;;;127
A1190;11750;25/11/2021;0;1;CICLISTA;ILESO;MASCULINO;23;2;2;KR 88 C  - CL 62 B  S 02;-74.193.147.984;462.531.571.300.002;7;1;;;13;0;127
A1191;11751;28/11/2021;1;2;CONDUCTOR;ILESO;MASCULINO;37;3;1;KR 104  - CL 126   02;-74.101.897.906;472.626.037.800.001;11;;;1978;4;2;145
A1192;11752;28/11/2021;0;1;CONDUCTOR;ILESO;MASCULINO;38;3;1;KR 104  - CL 126   02;-74.101.897.906;472.626.037.800.001;11;;;2015;5;3;145
A1193;11753;26/11/2021;1;2;CONDUCTOR;ILESO;MASCULINO;22;3;1;KR 70  - CL 25   02;-74.111.385.002;466.139.059.099.999;9;;;2014;1;3;103
A1194;11754;26/11/2021;0;1;CONDUCTOR;ILESO;MASCULINO;23;3;1;KR 70  - CL 25   02;-74.111.385.002;466.139.059.099.999;9;;;2007;5;2;103
A1195;11755;26/11/2021;0;1;CONDUCTOR;ILESO;MASCULINO;24;3;3;CL 28 H H S- KR 12 A  E 11;-74.081.152.768;4.561.887.281;4;;;1991;4;2;202
A1196;11756;26/11/2021;1;2;CONDUCTOR;ILESO;FEMENINO;30;3;1;KR 11  - CL 114   02;-7.403.761.828;469.365.479.300.001;1;;;2013;1;3;106
A1197;11757;26/11/2021;0;1;CONDUCTOR;ILESO;MASCULINO;31;3;1;KR 11  - CL 114   02;-7.403.761.828;469.365.479.300.001;1;;;2015;2;2;106
A1198;11758;27/11/2021;1;2;CONDUCTOR;ILESO;MASCULINO;35;3;1;KR 7  - CL 27   02;-74.069.358.029;461.369.103.200.002;3;;;2014;2;2;121
A1199;11759;27/11/2021;0;1;CONDUCTOR;ILESO;MASCULINO;38;3;1;KR 7  - CL 27   02;-74.069.358.029;461.369.103.200.002;3;;;2016;5;3;121
A1200;11760;26/11/2021;1;2;CONDUCTOR;ILESO;MASCULINO;51;3;1;KR 86  - CL 52 A  02;-7.411.682.134;468.187.855.299.999;10;;;2018;5;3;121
A1201;11761;26/11/2021;0;1;CONDUCTOR;ILESO;MASCULINO;27;3;1;KR 86  - CL 52 A  02;-7.411.682.134;468.187.855.299.999;10;;;2012;4;2;121
A1202;11762;26/11/2021;1;2;CONDUCTOR;ILESO;MASCULINO;49;3;1;KR 51  - CL 128 C  02;-74.057.709.037;471.530.870.999.999;11;;;2019;1;3;112
A1203;11763;26/11/2021;0;1;CONDUCTOR;ILESO;MASCULINO;24;3;1;KR 51  - CL 128 C  02;-74.057.709.037;471.530.870.999.999;11;;;2007;1;2;112
A1204;11764;27/11/2021;1;2;CONDUCTOR;ILESO;MASCULINO;37;3;1;KR 89  - CL 38  S 02;-74.167.006.955;463.963.124.999.998;8;;;2019;1;3;112
A1205;11765;27/11/2021;0;1;CONDUCTOR;ILESO;MASCULINO;46;3;1;KR 89  - CL 38  S 02;-74.167.006.955;463.963.124.999.998;8;;;2014;2;2;112
A1206;11766;27/11/2021;1;2;CONDUCTOR;ILESO;MASCULINO;30;3;1;KR 9  - CL 53   02;-74.063.669.073;463.972.633.499.998;2;;;2008;1;3;121
A1207;11767;27/11/2021;0;1;CONDUCTOR;ILESO;MASCULINO;47;3;1;KR 9  - CL 53   02;-74.063.669.073;463.972.633.499.998;2;;;2020;5;3;121
A1208;11768;26/11/2021;1;;PEATON;HERIDO;MASCULINO;14;2;2;CL 181  - KR 51   02;-74.049.239.928;475.911.157.100.001;11;1;;;;;405
A1209;11769;26/11/2021;0;1;CONDUCTOR;ILESO;FEMENINO;23;2;2;CL 181  - KR 51   02;-74.049.239.928;475.911.157.100.001;11;1;;2012;5;2;405
A1210;11770;27/11/2021;1;;PEATON;HERIDO;MASCULINO;91;2;2;CL 6 D  - KR 6   02;-74.081.079.276;458.611.300.400.003;17;2;;;;;145
A1211;11771;27/11/2021;0;1;CONDUCTOR;HERIDO;MASCULINO;39;2;2;CL 6 D  - KR 6   02;-74.081.079.276;458.611.300.400.003;17;2;;2014;5;3;145
A1212;11772;18/11/2021;1;2;CONDUCTOR;ILESO;MASCULINO;23;3;1;CL 59  S- KR 80   02;-7.418.108.521;460.913.501.200.002;7;;;2016;4;2;103
A1213;11773;18/11/2021;0;1;CONDUCTOR;ILESO;MASCULINO;55;3;1;CL 59  S- KR 80   02;-7.418.108.521;460.913.501.200.002;7;;;2013;5;3;103
A1214;11774;26/11/2021;1;2;CICLISTA;HERIDO;FEMENINO;23;2;1;CL 45  - KR 16   02;-74.069.744.018;463.298.097.699.999;13;1;;;13;0;157
A1215;11775;26/11/2021;0;1;CONDUCTOR;;;;2;1;CL 45  - KR 16   02;-74.069.744.018;463.298.097.699.999;13;1;;;0;0;157
A1216;11776;26/11/2021;1;2;CICLISTA;HERIDO;MASCULINO;15;2;1;CL 43  S- KR 86   02;-74.171.326.794;462.876.737.300.002;8;2;;;13;0;157
A1217;11777;26/11/2021;1;2;CICLISTA;HERIDO;MASCULINO;15;2;1;CL 43  S- KR 86   02;-74.171.326.794;462.876.737.300.002;8;2;;;13;0;157
A1218;11778;26/11/2021;0;1;MOTOCICLISTA;HERIDO;MASCULINO;22;2;1;CL 43  S- KR 86   02;-74.171.326.794;462.876.737.300.002;8;2;;2016;10;3;157
A1219;11779;26/11/2021;0;1;MOTOCICLISTA;HERIDO;MASCULINO;22;2;1;CL 43  S- KR 86   02;-74.171.326.794;462.876.737.300.002;8;2;;2016;10;3;157
A1220;11780;26/11/2021;1;2;CICLISTA;HERIDO;FEMENINO;44;2;1;KR 96 F  - CL 23 A  02;-74.134.243.745;467.514.035.599.999;9;2;;;13;0;122
A1221;11781;26/11/2021;0;1;MOTOCICLISTA;HERIDO;MASCULINO;37;2;1;KR 96 F  - CL 23 A  02;-74.134.243.745;467.514.035.599.999;9;2;;2016;10;3;122
A1222;11782;27/11/2021;1;2;MOTOCICLISTA;HERIDO;MASCULINO;25;2;1;CL 15  S- KR 5 A  15;-74.087.795.381;457.619.822.100.003;4;1;;2011;10;3;157
A1223;11783;27/11/2021;0;1;CONDUCTOR;ILESO;FEMENINO;39;2;1;CL 15  S- KR 5 A  15;-74.087.795.381;457.619.822.100.003;4;1;;2011;1;3;157
A1224;11784;27/11/2021;1;2;CONDUCTOR;ILESO;MASCULINO;33;2;1;KR 14  - CL 91  S 02;-74.114.251.671;450.586.264.499.998;5;2;;2004;1;3;122
A1225;11785;27/11/2021;2;2;ACOMPANANTE;HERIDO;FEMENINO;25;2;1;KR 14  - CL 91  S 02;-74.114.251.671;450.586.264.499.998;5;2;;2004;1;3;122
A1226;11786;27/11/2021;1;2;CONDUCTOR;ILESO;MASCULINO;33;2;1;KR 14  - CL 91  S 02;-74.114.251.671;450.586.264.499.998;5;2;;2004;1;3;127
A1227;11787;27/11/2021;2;2;ACOMPANANTE;HERIDO;FEMENINO;25;2;1;KR 14  - CL 91  S 02;-74.114.251.671;450.586.264.499.998;5;2;;2004;1;3;127
A1228;11788;27/11/2021;0;1;MOTOCICLISTA;HERIDO;MASCULINO;29;2;1;KR 14  - CL 91  S 02;-74.114.251.671;450.586.264.499.998;5;2;;2014;10;3;122
A1229;11789;27/11/2021;0;1;MOTOCICLISTA;HERIDO;MASCULINO;29;2;1;KR 14  - CL 91  S 02;-74.114.251.671;450.586.264.499.998;5;2;;2014;10;3;127
A1230;11790;27/11/2021;1;2;CONDUCTOR;HERIDO;MASCULINO;30;2;1;CL 80  - KR 119   02;-74.125.106.952;472.596.269.500.002;10;2;;2008;1;3;132