FORMULARIO;CODIGO_ACCIDENTE;FECHA;CODIGO_VICTIMA;CODIGO_VEHICULO;TIPO_ACTOR;ESTADO;GENERO;EDAD;GRAVEDAD;CLASE_SINIESTRO;DIRECCION;LONGITUD;LATITUD;CODIGO_LOCALIDAD;TOTAL_HERIDOS;TOTAL_MUERTOS;MOD_VEHICULO;CLASE_VEHICULO;SERVICIO_VEHICULO;CODIGO_CAUSA
A1231;11791;27/11/2021;1;2;CONDUCTOR;HERIDO;MASCULINO;30;2;1;CL 80  - KR 119   02;-74.125.106.952;472.596.269.500.002;10;2;;2008;1;3;132
A1232;11792;27/11/2021;0;1;MOTOCICLISTA;HERIDO;MASCULINO;26;2;1;CL 80  - KR 119   02;-74.125.106.952;472.596.269.500.002;10;2;;2020;10;3;132
A1233;11793;27/11/2021;0;1;MOTOCICLISTA;HERIDO;MASCULINO;26;2;1;CL 80  - KR 119   02;-74.125.106.952;472.596.269.500.002;10;2;;2020;10;3;132
A1234;11794;27/11/2021;1;;PEATON;HERIDO;MASCULINO;61;2;2;KR 5 T  - CL 50 A  S 02;-74.120.264.289;455.502.904.399.998;18;2;;;;;157
A1235;11795;27/11/2021;0;1;CONDUCTOR;HERIDO;MASCULINO;26;2;2;KR 5 T  - CL 50 A  S 02;-74.120.264.289;455.502.904.399.998;18;2;;2014;7;2;157
A1236;11796;26/11/2021;1;2;CICLISTA;HERIDO;MASCULINO;26;2;1;CL 142  - KR 13   02;-7.403.910.555;472.271.183.599.997;1;1;;;13;0;157
A1237;11797;26/11/2021;0;1;CONDUCTOR;ILESO;MASCULINO;23;2;1;CL 142  - KR 13   02;-7.403.910.555;472.271.183.599.997;1;1;;2021;1;3;157
A1238;11798;27/11/2021;1;2;CICLISTA;HERIDO;FEMENINO;14;2;1;KR 111  - CL 158   02;-74.094;4.76;11;1;;;13;0;157
A1239;11799;27/11/2021;1;2;CICLISTA;HERIDO;FEMENINO;14;2;1;KR 111  - CL 158   02;-74.094;4.76;11;1;;;13;0;157
A1240;11800;27/11/2021;0;1;CONDUCTOR;ILESO;MASCULINO;45;2;1;KR 111  - CL 158   02;-74.094;4.76;11;1;;2021;2;2;157
A1241;11801;27/11/2021;0;1;CONDUCTOR;ILESO;MASCULINO;45;2;1;KR 111  - CL 158   02;-74.094;4.76;11;1;;2021;2;2;157
A1242;11802;1/11/2021;1;2;CONDUCTOR;ILESO;MASCULINO;45;3;1;KR 78 B  - CL 1 A  02;-74.146.399.033;462.688.313.600.006;8;;;2016;1;3;112
A1243;11803;1/11/2021;0;1;CONDUCTOR;ILESO;MASCULINO;31;3;1;KR 78 B  - CL 1 A  02;-74.146.399.033;462.688.313.600.006;8;;;2007;1;2;112
A1244;11804;31/10/2021;1;2;CONDUCTOR;ILESO;MASCULINO;45;3;1;KR 104  - CL 145   02;-74.096.122.069;474.721.025.700.001;11;;;2008;1;2;142
A1245;11805;31/10/2021;1;2;CONDUCTOR;ILESO;MASCULINO;45;3;1;KR 104  - CL 145   02;-74.096.122.069;474.721.025.700.001;11;;;2008;1;2;142
A1246;11806;31/10/2021;0;1;MOTOCICLISTA;ILESO;MASCULINO;22;3;1;KR 104  - CL 145   02;-74.096.122.069;474.721.025.700.001;11;;;2014;10;3;142
A1247;11807;31/10/2021;0;1;MOTOCICLISTA;ILESO;MASCULINO;22;3;1;KR 104  - CL 145   02;-74.096.122.069;474.721.025.700.001;11;;;2014;10;3;142
A1248;11808;3/11/2021;1;2;CONDUCTOR;ILESO;FEMENINO;31;3;1;KR 51  - CL 113   02;-74.061.071.594;469.818.306.799.999;11;;;2008;1;3;112
A1249;11809;3/11/2021;0;1;CONDUCTOR;ILESO;MASCULINO;67;3;1;KR 51  - CL 113   02;-74.061.071.594;469.818.306.799.999;11;;;2010;1;2;112
A1250;11810;3/11/2021;1;2;CICLISTA;ILESO;MASCULINO;31;3;1;KR 5  - CL 12 B  02;-74.072.487.336;459.885.309.800.001;3;;;;13;0;112
A1251;11811;3/11/2021;0;1;CONDUCTOR;ILESO;MASCULINO;47;3;1;KR 5  - CL 12 B  02;-74.072.487.336;459.885.309.800.001;3;;;2015;1;3;112
A1252;11812;2/11/2021;1;2;CONDUCTOR;ILESO;MASCULINO;24;3;1;CL 71 BIS S- KR 16 A  02;-74.135.061.595;454.454.692.600.001;19;;;2014;1;3;103
A1253;11813;2/11/2021;1;2;CONDUCTOR;ILESO;MASCULINO;24;3;1;CL 71 BIS S- KR 16 A  02;-74.135.061.595;454.454.692.600.001;19;;;2014;1;3;103
A1254;11814;2/11/2021;0;1;CONDUCTOR;ILESO;MASCULINO;41;3;1;CL 71 BIS S- KR 16 A  02;-74.135.061.595;454.454.692.600.001;19;;;2009;1;2;103
A1255;11815;2/11/2021;0;1;CONDUCTOR;ILESO;MASCULINO;41;3;1;CL 71 BIS S- KR 16 A  02;-74.135.061.595;454.454.692.600.001;19;;;2009;1;2;103
A1256;11816;8/11/2021;1;2;MOTOCICLISTA;ILESO;MASCULINO;40;2;1;KR 70  - CL 70   02;-74.093.006.083;468.163.057.800.001;10;1;;2017;10;3;103
A1257;11817;8/11/2021;2;2;ACOMPANANTE;HERIDO;FEMENINO;35;2;1;KR 70  - CL 70   02;-74.093.006.083;468.163.057.800.001;10;1;;2017;10;3;103
A1258;11818;8/11/2021;0;1;MOTOCICLISTA;ILESO;MASCULINO;30;2;1;KR 70  - CL 70   02;-74.093.006.083;468.163.057.800.001;10;1;;2019;10;3;103
A1259;11819;3/11/2021;1;2;CONDUCTOR;ILESO;MASCULINO;43;3;1;CL 86  - KR 7   47;-74.046.900.777;466.645.477.700.001;2;;;2016;6;1;103
A1260;11820;3/11/2021;1;2;CONDUCTOR;ILESO;MASCULINO;43;3;1;CL 86  - KR 7   47;-74.046.900.777;466.645.477.700.001;2;;;2016;6;1;145
A1261;11821;3/11/2021;0;1;CONDUCTOR;ILESO;MASCULINO;43;3;1;CL 86  - KR 7   47;-74.046.900.777;466.645.477.700.001;2;;;2021;5;3;103
A1262;11822;3/11/2021;0;1;CONDUCTOR;ILESO;MASCULINO;43;3;1;CL 86  - KR 7   47;-74.046.900.777;466.645.477.700.001;2;;;2021;5;3;145
A1263;11823;3/11/2021;1;2;CONDUCTOR;ILESO;MASCULINO;26;3;1;KR 15  - CL 24   02;-74.075.320.229;461.376.171.699.999;14;;;2020;5;3;157
A1264;11824;3/11/2021;0;1;CONDUCTOR;ILESO;MASCULINO;36;3;1;KR 15  - CL 24   02;-74.075.320.229;461.376.171.699.999;14;;;2004;1;3;157
A1265;11825;6/11/2021;1;2;CONDUCTOR;ILESO;MASCULINO;40;2;1;KR 73 A  - CL 65 A  02;-74.101.798.651;468.111.281.300.003;10;1;;2012;9;2;112
A1266;11826;6/11/2021;0;1;CONDUCTOR;HERIDO;FEMENINO;30;2;1;KR 73 A  - CL 65 A  02;-74.101.798.651;468.111.281.300.003;10;1;;2013;1;3;112
A1267;11827;3/11/2021;2;3;CONDUCTOR;ILESO;MASCULINO;68;3;1;KR 53  - CL 46 A  S 02;-74.137.983.047;459.326.590.400.002;6;;;2008;1;3;121
A1268;11828;3/11/2021;2;3;CONDUCTOR;ILESO;MASCULINO;68;3;1;KR 53  - CL 46 A  S 02;-74.137.983.047;459.326.590.400.002;6;;;2008;1;3;121
A1269;11829;3/11/2021;1;2;CONDUCTOR;ILESO;MASCULINO;55;3;1;KR 53  - CL 46 A  S 02;-74.137.983.047;459.326.590.400.002;6;;;2014;1;1;121
A1270;11830;3/11/2021;1;2;CONDUCTOR;ILESO;MASCULINO;55;3;1;KR 53  - CL 46 A  S 02;-74.137.983.047;459.326.590.400.002;6;;;2014;1;1;121
A1271;11831;3/11/2021;0;1;CONDUCTOR;ILESO;MASCULINO;36;3;1;KR 53  - CL 46 A  S 02;-74.137.983.047;459.326.590.400.002;6;;;2016;1;3;121
A1272;11832;3/11/2021;0;1;CONDUCTOR;ILESO;MASCULINO;36;3;1;KR 53  - CL 46 A  S 02;-74.137.983.047;459.326.590.400.002;6;;;2016;1;3;121
A1273;11833;3/11/2021;1;2;CONDUCTOR;ILESO;MASCULINO;31;3;1;KR 14  - CL 51  S 02;-74.125.161.053;456.333.317.500.003;18;;;1976;4;2;157
A1274;11834;3/11/2021;0;1;CONDUCTOR;ILESO;MASCULINO;55;3;1;KR 14  - CL 51  S 02;-74.125.161.053;456.333.317.500.003;18;;;1994;1;3;157
A1275;11835;2/11/2021;2;3;CONDUCTOR;ILESO;MASCULINO;64;3;1;KR 86  - CL 64 J  02;-74.110.947.334;468.715.034.299.998;10;;;2005;1;2;119
A1276;11836;2/11/2021;2;3;CONDUCTOR;ILESO;MASCULINO;64;3;1;KR 86  - CL 64 J  02;-74.110.947.334;468.715.034.299.998;10;;;2005;1;2;121
A1277;11837;2/11/2021;2;3;CONDUCTOR;ILESO;MASCULINO;64;3;1;KR 86  - CL 64 J  02;-74.110.947.334;468.715.034.299.998;10;;;2005;1;2;121
A1278;11838;2/11/2021;1;2;CONDUCTOR;ILESO;MASCULINO;34;3;1;KR 86  - CL 64 J  02;-74.110.947.334;468.715.034.299.998;10;;;2011;6;3;119
A1279;11839;2/11/2021;1;2;CONDUCTOR;ILESO;MASCULINO;34;3;1;KR 86  - CL 64 J  02;-74.110.947.334;468.715.034.299.998;10;;;2011;6;3;121
A1280;11840;2/11/2021;1;2;CONDUCTOR;ILESO;MASCULINO;34;3;1;KR 86  - CL 64 J  02;-74.110.947.334;468.715.034.299.998;10;;;2011;6;3;121
A1281;11841;2/11/2021;0;1;CONDUCTOR;ILESO;MASCULINO;39;3;1;KR 86  - CL 64 J  02;-74.110.947.334;468.715.034.299.998;10;;;2020;4;3;119
A1282;11842;2/11/2021;0;1;CONDUCTOR;ILESO;MASCULINO;39;3;1;KR 86  - CL 64 J  02;-74.110.947.334;468.715.034.299.998;10;;;2020;4;3;121
A1283;11843;2/11/2021;0;1;CONDUCTOR;ILESO;MASCULINO;39;3;1;KR 86  - CL 64 J  02;-74.110.947.334;468.715.034.299.998;10;;;2020;4;3;121
A1284;11844;3/11/2021;1;2;CONDUCTOR;ILESO;MASCULINO;22;3;1;KR 123  - CL 17   02;-74.162.352.293;468.939.146.000.002;9;;;2017;4;2;103
A1285;11845;3/11/2021;0;1;CONDUCTOR;ILESO;MASCULINO;36;3;1;KR 123  - CL 17   02;-74.162.352.293;468.939.146.000.002;9;;;2009;1;3;103
A1286;11846;4/11/2021;2;3;MOTOCICLISTA;ILESO;MASCULINO;54;3;1;KR 30  - CL 13   02;-7.409.180.459;461.421.967.000.007;16;;;2021;10;3;98
A1287;11847;4/11/2021;2;3;MOTOCICLISTA;ILESO;MASCULINO;54;3;1;KR 30  - CL 13   02;-7.409.180.459;461.421.967.000.007;16;;;2021;10;3;103
A1288;11848;4/11/2021;1;2;CONDUCTOR;ILESO;MASCULINO;30;3;1;KR 30  - CL 13   02;-7.409.180.459;461.421.967.000.007;16;;;2011;5;2;98
A1289;11849;4/11/2021;1;2;CONDUCTOR;ILESO;MASCULINO;30;3;1;KR 30  - CL 13   02;-7.409.180.459;461.421.967.000.007;16;;;2011;5;2;103
A1290;11850;4/11/2021;0;1;CONDUCTOR;ILESO;MASCULINO;37;3;1;KR 30  - CL 13   02;-7.409.180.459;461.421.967.000.007;16;;;2018;1;2;98
A1291;11851;4/11/2021;0;1;CONDUCTOR;ILESO;MASCULINO;37;3;1;KR 30  - CL 13   02;-7.409.180.459;461.421.967.000.007;16;;;2018;1;2;103
A1292;11852;4/11/2021;1;2;MOTOCICLISTA;ILESO;MASCULINO;47;3;1;KR 116  - CL 17 A  02;-74.156.616.039;468.547.502.000.001;9;;;2010;10;3;103
A1293;11853;4/11/2021;1;2;MOTOCICLISTA;ILESO;MASCULINO;47;3;1;KR 116  - CL 17 A  02;-74.156.616.039;468.547.502.000.001;9;;;2010;10;3;103
A1294;11854;4/11/2021;0;1;MOTOCICLISTA;ILESO;MASCULINO;41;3;1;KR 116  - CL 17 A  02;-74.156.616.039;468.547.502.000.001;9;;;2019;10;3;103
A1295;11855;4/11/2021;0;1;MOTOCICLISTA;ILESO;MASCULINO;41;3;1;KR 116  - CL 17 A  02;-74.156.616.039;468.547.502.000.001;9;;;2019;10;3;103
A1296;11856;4/11/2021;1;2;CONDUCTOR;ILESO;MASCULINO;22;3;1;CL 171  - KR 111   02;-74.079;4.773;11;;;2021;5;2;121
A1297;11857;4/11/2021;0;1;CONDUCTOR;ILESO;MASCULINO;46;3;1;CL 171  - KR 111   02;-74.079;4.773;11;;;2015;1;3;121
A1298;11858;4/11/2021;1;2;CONDUCTOR;ILESO;MASCULINO;49;3;1;KR 77 G  - CL 59  S 02;-74.177.718.989;459.752.890.999.999;7;;;2004;7;2;121
A1299;11859;4/11/2021;0;1;CONDUCTOR;ILESO;MASCULINO;32;3;1;KR 77 G  - CL 59  S 02;-74.177.718.989;459.752.890.999.999;7;;;2018;1;3;121
A1300;11860;6/11/2021;1;2;CONDUCTOR;ILESO;MASCULINO;34;3;1;KR 72  - CL 12   02;-74.131.465.763;464.459.736.499.998;8;;;2015;5;3;121
A1301;11861;6/11/2021;0;1;MOTOCICLISTA;ILESO;MASCULINO;34;3;1;KR 72  - CL 12   02;-74.131.465.763;464.459.736.499.998;8;;;2021;10;3;121
A1302;11862;6/11/2021;1;2;CONDUCTOR;ILESO;MASCULINO;35;3;1;CL 13 A  - KR 86   02;-741.419.999.999.999;465.400.000.000.005;8;;;2007;2;2;112
A1303;11863;6/11/2021;0;1;CONDUCTOR;ILESO;MASCULINO;37;3;1;CL 13 A  - KR 86   02;-741.419.999.999.999;465.400.000.000.005;8;;;2008;1;3;112
A1304;11864;4/11/2021;1;2;CONDUCTOR;ILESO;FEMENINO;48;3;1;CL 22 B B - KR 60   51;-74.104.599.853;464.374.935.699.999;13;;;1994;1;3;134
A1305;11865;4/11/2021;1;2;CONDUCTOR;ILESO;FEMENINO;48;3;1;CL 22 B B - KR 60   51;-74.104.599.853;464.374.935.699.999;13;;;1994;1;3;157
A1306;11866;4/11/2021;0;1;CONDUCTOR;ILESO;MASCULINO;29;3;1;CL 22 B B - KR 60   51;-74.104.599.853;464.374.935.699.999;13;;;2016;1;3;134
A1307;11867;4/11/2021;0;1;CONDUCTOR;ILESO;MASCULINO;29;3;1;CL 22 B B - KR 60   51;-74.104.599.853;464.374.935.699.999;13;;;2016;1;3;157
A1308;11868;6/11/2021;1;2;CONDUCTOR;ILESO;MASCULINO;44;3;1;CL 27  S- KR 20   02;-74.108.284.243;458.157.329.300.002;18;;;2010;3;2;145
A1309;11869;6/11/2021;0;1;CONDUCTOR;ILESO;FEMENINO;35;3;1;CL 27  S- KR 20   02;-74.108.284.243;458.157.329.300.002;18;;;2010;5;3;145
A1310;11870;3/01/2022;1;2;CONDUCTOR;ILESO;MASCULINO;46;3;1;AV AVENIDA ALFREDO D BATEMAN - KR 102   02;-74.093;4.744;11;;;2018;6;3;103
A1311;11871;3/01/2022;0;1;CONDUCTOR;ILESO;MASCULINO;60;3;1;AV AVENIDA ALFREDO D BATEMAN - KR 102   02;-74.093;4.744;11;;;2014;2;2;103
A1312;11872;4/01/2022;1;2;CONDUCTOR;ILESO;MASCULINO;30;3;1;AK 86  - CL 38  S 23;-74.163.374.047;463.447.871.699.998;8;;;1994;9;2;103
A1313;11873;4/01/2022;1;2;CONDUCTOR;ILESO;MASCULINO;30;3;1;AK 86  - CL 38  S 23;-74.163.374.047;463.447.871.699.998;8;;;1994;9;2;132
A1314;11874;4/01/2022;0;1;CONDUCTOR;ILESO;MASCULINO;54;3;1;AK 86  - CL 38  S 23;-74.163.374.047;463.447.871.699.998;8;;;2014;2;2;103
A1315;11875;4/01/2022;0;1;CONDUCTOR;ILESO;MASCULINO;54;3;1;AK 86  - CL 38  S 23;-74.163.374.047;463.447.871.699.998;8;;;2014;2;2;132
A1316;11876;5/01/2022;1;2;CONDUCTOR;ILESO;MASCULINO;27;3;1;CL 119  - KR 14 B  02;-74.042.270.899;469.870.458.899.999;1;;;2008;5;2;121
A1317;11877;5/01/2022;0;1;CONDUCTOR;ILESO;FEMENINO;53;3;1;CL 119  - KR 14 B  02;-74.042.270.899;469.870.458.899.999;1;;;2019;1;3;121
A1318;11878;5/01/2022;1;2;CONDUCTOR;;;;3;1;CL 59 B B S- KR 18 A  80;-74.136.043.097;456.208.447.400.002;6;;;2000;9;3;141
A1319;11879;5/01/2022;1;2;CONDUCTOR;;;;3;1;CL 59 B B S- KR 18 A  80;-74.136.043.097;456.208.447.400.002;6;;;2000;9;3;145
A1320;11880;5/01/2022;0;1;CONDUCTOR;ILESO;MASCULINO;38;3;1;CL 59 B B S- KR 18 A  80;-74.136.043.097;456.208.447.400.002;6;;;1998;9;2;141
A1321;11881;5/01/2022;0;1;CONDUCTOR;ILESO;MASCULINO;38;3;1;CL 59 B B S- KR 18 A  80;-74.136.043.097;456.208.447.400.002;6;;;1998;9;2;145
A1322;11882;3/01/2022;1;2;MOTOCICLISTA;HERIDO;MASCULINO;28;2;1;CL 84  S- KR 1   02;-74.105.707.583;450.679.879.299.997;19;2;;2019;10;3;121
A1323;11883;3/01/2022;0;1;CONDUCTOR;HERIDO;MASCULINO;28;2;1;CL 84  S- KR 1   02;-74.105.707.583;450.679.879.299.997;19;2;;2014;1;2;121
A1324;11884;2/01/2022;1;;PEATON;HERIDO;MASCULINO;44;2;2;CL 31  S- KR 19   02;-7.411.145.207;4.579.206.806;18;1;;;;;157
A1325;11885;2/01/2022;0;1;CONDUCTOR;;;;2;2;CL 31  S- KR 19   02;-7.411.145.207;4.579.206.806;18;1;;;0;0;157
A1326;11886;6/01/2022;1;2;CONDUCTOR;ILESO;MASCULINO;41;3;1;KR 68 B  - CL 13   02;-7.412.009.035;463.913.608.799.999;9;;;2010;1;3;103
A1327;11887;6/01/2022;0;1;CONDUCTOR;ILESO;MASCULINO;36;3;1;KR 68 B  - CL 13   02;-7.412.009.035;463.913.608.799.999;9;;;2016;5;2;103
A1328;11888;6/01/2022;1;2;MOTOCICLISTA;ILESO;MASCULINO;27;3;1;KR 78 B  - CL 38  S 02;-74.151.437.443;462.155.457.900.002;8;;;2018;10;3;157
A1329;11889;6/01/2022;0;1;CONDUCTOR;ILESO;MASCULINO;51;3;1;KR 78 B  - CL 38  S 02;-74.151.437.443;462.155.457.900.002;8;;;2010;1;2;157
A1330;11890;6/01/2022;1;2;CICLISTA;ILESO;MASCULINO;43;3;1;KR 78 A  - CL 48 B  S 02;-74.167.514.813;461.503.520.500.003;8;;;;13;0;157
A1331;11891;6/01/2022;1;2;CICLISTA;ILESO;MASCULINO;43;3;1;KR 78 A  - CL 48 B  S 02;-74.167.514.813;461.503.520.500.003;8;;;;13;0;157
A1332;11892;6/01/2022;0;1;CONDUCTOR;ILESO;MASCULINO;47;3;1;KR 78 A  - CL 48 B  S 02;-74.167.514.813;461.503.520.500.003;8;;;2014;5;2;157
A1333;11893;6/01/2022;0;1;CONDUCTOR;ILESO;MASCULINO;47;3;1;KR 78 A  - CL 48 B  S 02;-74.167.514.813;461.503.520.500.003;8;;;2014;5;2;157
A1334;11894;7/01/2022;1;2;CONDUCTOR;ILESO;MASCULINO;37;3;1;KR 30  - CL 1   02;-74.104.718.158;459.976.281.899.998;14;;;2016;1;3;98
A1335;11895;7/01/2022;0;1;MOTOCICLISTA;ILESO;MASCULINO;23;3;1;KR 30  - CL 1   02;-74.104.718.158;459.976.281.899.998;14;;;2021;10;3;98
A1336;11896;8/01/2022;1;2;MOTOCICLISTA;HERIDO;MASCULINO;24;2;1;CL 140  - KR 20   02;-74.048.081.086;472.379.063.199.998;1;3;;2021;10;3;112
A1337;11897;8/01/2022;2;2;ACOMPANANTE;HERIDO;FEMENINO;25;2;1;CL 140  - KR 20   02;-74.048.081.086;472.379.063.199.998;1;3;;2021;10;3;112
A1338;11898;8/01/2022;0;1;MOTOCICLISTA;HERIDO;MASCULINO;19;2;1;CL 140  - KR 20   02;-74.048.081.086;472.379.063.199.998;1;3;;2019;10;3;112
A1339;11899;7/01/2022;0;1;CICLISTA;HERIDO;MASCULINO;26;2;3;KR 14  - KR 26  S 02;-74.105.420.894;457.964.033.500.002;18;1;;;13;0;217
A1340;11900;9/01/2022;1;;PEATON;HERIDO;FEMENINO;27;2;2;AU SUR - CL 45 A  S 02;-74.152.846.653;4.595.848.275;19;1;;;;;157
A1341;11901;9/01/2022;0;1;CONDUCTOR;;;;2;2;AU SUR - CL 45 A  S 02;-74.152.846.653;4.595.848.275;19;1;;;0;0;157
A1342;11902;5/01/2022;1;2;MOTOCICLISTA;HERIDO;MASCULINO;22;2;1;CL 9  - KR 39   02;-74.103.580.112;461.649.941.299.999;16;1;;2016;10;3;112
A1343;11903;5/01/2022;0;1;CONDUCTOR;ILESO;MASCULINO;37;2;1;CL 9  - KR 39   02;-74.103.580.112;461.649.941.299.999;16;1;;2017;5;3;112
A1344;11904;7/02/2022;1;2;CONDUCTOR;ILESO;FEMENINO;36;3;1;KR 13  - CL 42   02;-74.079;4.633;13;;;2012;1;3;103
A1345;11905;7/02/2022;0;1;CONDUCTOR;ILESO;MASCULINO;39;3;1;KR 13  - CL 42   02;-74.079;4.633;13;;;2015;4;2;103
A1346;11906;7/01/2022;1;2;MOTOCICLISTA;HERIDO;MASCULINO;24;2;1;AV AVENIDA PRIMERO DE MAYO - CL 34  S 02;-74.161;4.637;8;2;;2021;10;3;103
A1347;11907;7/01/2022;0;1;CONDUCTOR;HERIDO;MASCULINO;22;2;1;AV AVENIDA PRIMERO DE MAYO - CL 34  S 02;-74.161;4.637;8;2;;2017;1;3;103
A1348;11908;15/01/2022;2;3;CONDUCTOR;ILESO;MASCULINO;31;2;1;AC 26  - KR 66   02;-74.101.320.337;4.649.490.625;13;1;;2014;1;3;98
A1349;11909;15/01/2022;2;3;CONDUCTOR;ILESO;MASCULINO;31;2;1;AC 26  - KR 66   02;-74.101.320.337;4.649.490.625;13;1;;2014;1;3;157
A1350;11910;15/01/2022;1;2;CONDUCTOR;ILESO;MASCULINO;41;2;1;AC 26  - KR 66   02;-74.101.320.337;4.649.490.625;13;1;;2021;4;2;98
A1351;11911;15/01/2022;1;2;CONDUCTOR;ILESO;MASCULINO;41;2;1;AC 26  - KR 66   02;-74.101.320.337;4.649.490.625;13;1;;2021;4;2;157
A1352;11912;15/01/2022;0;1;MOTOCICLISTA;HERIDO;MASCULINO;36;2;1;AC 26  - KR 66   02;-74.101.320.337;4.649.490.625;13;1;;2011;10;3;98
A1353;11913;15/01/2022;0;1;MOTOCICLISTA;HERIDO;MASCULINO;36;2;1;AC 26  - KR 66   02;-74.101.320.337;4.649.490.625;13;1;;2011;10;3;157
A1354;11914;9/01/2022;1;2;MOTOCICLISTA;HERIDO;MASCULINO;27;2;1;AC 72  - KR 93 A  02;-74.113.518.193;469.697.662.599.998;10;1;;2018;10;3;122
A1355;11915;9/01/2022;0;1;CONDUCTOR;ILESO;MASCULINO;45;2;1;AC 72  - KR 93 A  02;-74.113.518.193;469.697.662.599.998;10;1;;2015;2;2;122
A1356;11916;7/01/2022;1;2;MOTOCICLISTA;ILESO;MASCULINO;23;3;1;CL 72 A  - KR 65   02;-74.083.042.979;467.575.496.500.001;12;;;2021;10;3;112
A1357;11917;7/01/2022;0;1;CONDUCTOR;ILESO;MASCULINO;59;3;1;CL 72 A  - KR 65   02;-74.083.042.979;467.575.496.500.001;12;;;2011;1;2;112
A1358;11918;13/01/2022;1;;PEATON;HERIDO;MASCULINO;20;2;2;KR 82  - CL 53 B  02;-74.177.220.991;4.621.295.425;8;1;;;;;157
A1359;11919;13/01/2022;0;1;CONDUCTOR;ILESO;MASCULINO;59;2;2;KR 82  - CL 53 B  02;-74.177.220.991;4.621.295.425;8;1;;2007;4;2;157
A1360;11920;13/01/2022;1;2;MOTOCICLISTA;HERIDO;MASCULINO;26;2;1;KR 91  - CL 132   02;-74.087.067.887;4.730.882.528;11;3;;;10;3;142
A1361;11921;13/01/2022;0;1;MOTOCICLISTA;HERIDO;MASCULINO;30;2;1;KR 91  - CL 132   02;-74.087.067.887;4.730.882.528;11;3;;2020;10;3;142
A1362;11922;13/01/2022;2;1;ACOMPANANTE;HERIDO;FEMENINO;24;2;1;KR 91  - CL 132   02;-74.087.067.887;4.730.882.528;11;3;;2020;10;3;142
A1363;11923;12/01/2022;1;2;CONDUCTOR;ILESO;MASCULINO;60;3;1;KR 17  - CL 67   02;-74.065.972.661;465.579.106.000.001;12;;;2014;2;2;157
A1364;11924;12/01/2022;1;2;CONDUCTOR;ILESO;MASCULINO;60;3;1;KR 17  - CL 67   02;-74.065.972.661;465.579.106.000.001;12;;;2014;2;2;157
A1365;11925;12/01/2022;0;1;CONDUCTOR;ILESO;MASCULINO;33;3;1;KR 17  - CL 67   02;-74.065.972.661;465.579.106.000.001;12;;;2020;1;3;157
A1366;11926;12/01/2022;0;1;CONDUCTOR;ILESO;MASCULINO;33;3;1;KR 17  - CL 67   02;-74.065.972.661;465.579.106.000.001;12;;;2020;1;3;157
A1367;11927;19/01/2022;1;2;CONDUCTOR;ILESO;MASCULINO;51;3;1;KR 68 A  - CL 100   02;-74.072;4.689;11;;;2021;5;3;112
A1368;11928;19/01/2022;0;1;CONDUCTOR;ILESO;MASCULINO;58;3;1;KR 68 A  - CL 100   02;-74.072;4.689;11;;;2010;1;3;112
A1369;11929;19/01/2022;1;2;CONDUCTOR;ILESO;FEMENINO;53;3;1;KR 10  - CL 1 B  02;-74.084;4.59;3;;;2014;4;3;121
A1370;11930;19/01/2022;0;1;CONDUCTOR;ILESO;MASCULINO;24;3;1;KR 10  - CL 1 B  02;-74.084;4.59;3;;;2013;2;2;121
A1371;11931;23/01/2022;1;2;CONDUCTOR;ILESO;MASCULINO;33;3;1;CL 13  - KR 128   02;-74.173;4.682;9;;;2015;2;2;121
A1372;11932;23/01/2022;0;1;CONDUCTOR;ILESO;FEMENINO;21;3;1;CL 13  - KR 128   02;-74.173;4.682;9;;;2021;1;3;121
A1373;11933;22/01/2022;1;2;CICLISTA;HERIDO;MASCULINO;41;2;1;CL 6  - KR 14   02;-74.085;4.597;14;2;;;13;0;157
A1374;11934;22/01/2022;0;1;MOTOCICLISTA;HERIDO;MASCULINO;29;2;1;CL 6  - KR 14   02;-74.085;4.597;14;2;;2021;10;3;157
A1375;11935;23/01/2022;1;2;CONDUCTOR;ILESO;MASCULINO;31;3;1;CL 30 B  S- KR 9 C  E 02;-74.084;4.556;4;;;2020;1;2;134
A1376;11936;23/01/2022;0;1;CONDUCTOR;ILESO;MASCULINO;30;3;1;CL 30 B  S- KR 9 C  E 02;-74.084;4.556;4;;;2013;1;3;134
A1377;11937;22/01/2022;1;2;MOTOCICLISTA;HERIDO;MASCULINO;40;2;1;CL 72  - KR 74   02;-74.097;4.689;10;3;;2020;10;3;122
A1378;11938;22/01/2022;2;2;ACOMPANANTE;HERIDO;MASCULINO;35;2;1;CL 72  - KR 74   02;-74.097;4.689;10;3;;2020;10;3;122