FORMULARIO;CODIGO_ACCIDENTE;FECHA;CODIGO_VICTIMA;CODIGO_VEHICULO;TIPO_ACTOR;ESTADO;GENERO;EDAD;GRAVEDAD;CLASE_SINIESTRO;DIRECCION;LONGITUD;LATITUD;CODIGO_LOCALIDAD;TOTAL_HERIDOS;TOTAL_MUERTOS;MOD_VEHICULO;CLASE_VEHICULO;SERVICIO_VEHICULO;CODIGO_CAUSA
A1379;11939;22/01/2022;0;1;CONDUCTOR;HERIDO;FEMENINO;32;2;1;CL 72  - KR 74   02;-74.097;4.689;10;3;;2014;5;2;122
A1380;11940;21/01/2022;1;2;CICLISTA;ILESO;MASCULINO;32;3;1;CL 24  - KR 46   02;-74.096;4.635;13;;;;13;0;121
A1381;11941;21/01/2022;0;1;CONDUCTOR;ILESO;MASCULINO;65;3;1;CL 24  - KR 46   02;-74.096;4.635;13;;;2015;1;2;121
A1382;11942;21/01/2022;1;2;CONDUCTOR;ILESO;MASCULINO;20;3;1;CL 138  - KR 54 D  02;-74.059;4.726;11;;;2015;1;3;121
A1383;11943;21/01/2022;0;1;CONDUCTOR;ILESO;MASCULINO;56;3;1;CL 138  - KR 54 D  02;-74.059;4.726;11;;;2016;1;2;121
A1384;11944;21/01/2022;1;2;CONDUCTOR;ILESO;MASCULINO;69;3;1;CL 13  - KR 86   02;-74.142;4.654;9;;;2005;8;2;157
A1385;11945;21/01/2022;1;2;CONDUCTOR;ILESO;MASCULINO;69;3;1;CL 13  - KR 86   02;-74.142;4.654;9;;;2005;8;2;157
A1386;11946;21/01/2022;0;1;CONDUCTOR;ILESO;FEMENINO;32;3;1;CL 13  - KR 86   02;-74.142;4.654;9;;;2018;1;3;157
A1387;11947;21/01/2022;0;1;CONDUCTOR;ILESO;FEMENINO;32;3;1;CL 13  - KR 86   02;-74.142;4.654;9;;;2018;1;3;157
A1388;11948;22/01/2022;2;3;MOTOCICLISTA;ILESO;MASCULINO;42;2;1;AK 86  - CL 6 a  02;-74.156;4.641;8;1;;2019;10;3;121
A1389;11949;22/01/2022;3;3;ACOMPANANTE;HERIDO;MASCULINO;16;2;1;AK 86  - CL 6 a  02;-74.156;4.641;8;1;;2019;10;3;121
A1390;11950;22/01/2022;2;3;MOTOCICLISTA;ILESO;MASCULINO;42;2;1;AK 86  - CL 6 a  02;-74.156;4.641;8;1;;2019;10;3;143
A1391;11951;22/01/2022;3;3;ACOMPANANTE;HERIDO;MASCULINO;16;2;1;AK 86  - CL 6 a  02;-74.156;4.641;8;1;;2019;10;3;143
A1392;11952;22/01/2022;1;2;CONDUCTOR;ILESO;MASCULINO;32;2;1;AK 86  - CL 6 a  02;-74.156;4.641;8;1;;2021;5;3;121
A1393;11953;22/01/2022;1;2;CONDUCTOR;ILESO;MASCULINO;32;2;1;AK 86  - CL 6 a  02;-74.156;4.641;8;1;;2021;5;3;143
A1394;11954;22/01/2022;0;1;CONDUCTOR;ILESO;MASCULINO;40;2;1;AK 86  - CL 6 a  02;-74.156;4.641;8;1;;2007;4;2;121
A1395;11955;22/01/2022;0;1;CONDUCTOR;ILESO;MASCULINO;40;2;1;AK 86  - CL 6 a  02;-74.156;4.641;8;1;;2007;4;2;143
A1396;11956;1/02/2022;1;2;CICLISTA;MUERTO;FEMENINO;29;1;1;AV AVENIDA DE LAS AMERICAS - KR 72 C  02;-74.140.079.726;463.087.678.800.002;8;;1;;13;0;157
A1397;11957;1/02/2022;0;1;CONDUCTOR;ILESO;MASCULINO;39;1;1;AV AVENIDA DE LAS AMERICAS - KR 72 C  02;-74.140.079.726;463.087.678.800.002;8;;1;1990;9;3;157
A1398;11958;25/01/2022;1;2;CONDUCTOR;ILESO;MASCULINO;43;3;1;KR 7  - CL 85   02;-74.047;4.665;2;;;2021;5;3;157
A1399;11959;25/01/2022;1;2;CONDUCTOR;ILESO;MASCULINO;43;3;1;KR 7  - CL 85   02;-74.047;4.665;2;;;2021;5;3;157
A1400;11960;25/01/2022;0;1;CONDUCTOR;ILESO;MASCULINO;36;3;1;KR 7  - CL 85   02;-74.047;4.665;2;;;2020;1;3;157
A1401;11961;25/01/2022;0;1;CONDUCTOR;ILESO;MASCULINO;36;3;1;KR 7  - CL 85   02;-74.047;4.665;2;;;2020;1;3;157
A1402;11962;26/01/2022;1;2;CONDUCTOR;ILESO;FEMENINO;41;3;1;KR 40  - CL 24 C  02;-74.093;4.631;13;;;2007;1;3;103
A1403;11963;26/01/2022;0;1;CONDUCTOR;ILESO;MASCULINO;39;3;1;KR 40  - CL 24 C  02;-74.093;4.631;13;;;2014;2;2;103
A1404;11964;26/01/2022;1;2;MOTOCICLISTA;HERIDO;MASCULINO;26;2;1;KR 30  - CL 86   02;-74.065;4.675;12;1;;2019;10;3;98
A1405;11965;26/01/2022;0;1;CONDUCTOR;ILESO;MASCULINO;28;2;1;KR 30  - CL 86   02;-74.065;4.675;12;1;;2012;9;2;98
A1406;11966;8/02/2022;1;2;CONDUCTOR;ILESO;MASCULINO;38;3;1;CL 22  S- KR 24 G  02;-74.107;4.587;15;;;2020;5;2;134
A1407;11967;8/02/2022;0;1;CONDUCTOR;ILESO;MASCULINO;43;3;1;CL 22  S- KR 24 G  02;-74.107;4.587;15;;;2021;5;3;134
A1408;11968;7/02/2022;0;1;CONDUCTOR;;;;3;1;KR 45  - CL 114   02;-74.055;4.698;1;;;;0;0;145
A1409;11969;8/02/2022;1;2;CONDUCTOR;ILESO;MASCULINO;31;3;1;KR 1  - CL 74   02;-74.05;4.655;2;;;2021;1;3;121
A1410;11970;8/02/2022;0;1;MOTOCICLISTA;ILESO;MASCULINO;39;3;1;KR 1  - CL 74   02;-74.05;4.655;2;;;2021;10;3;121
A1411;11971;9/02/2022;1;2;CONDUCTOR;ILESO;MASCULINO;0;3;1;KR 45  - CL 150   02;-74.05;4.732;1;;;2006;5;2;103
A1412;11972;9/02/2022;0;1;CONDUCTOR;ILESO;FEMENINO;47;3;1;KR 45  - CL 150   02;-74.05;4.732;1;;;2017;1;3;103
A1413;11973;8/02/2022;1;2;CICLISTA;HERIDO;MASCULINO;20;2;1;CL 57 B  S- KR 68   02;-74.158;4.6;7;1;;;13;0;134
A1414;11974;8/02/2022;0;1;CONDUCTOR;ILESO;MASCULINO;28;2;1;CL 57 B  S- KR 68   02;-74.158;4.6;7;1;;2006;6;3;134
A1415;11975;12/02/2022;1;2;MOTOCICLISTA;HERIDO;FEMENINO;24;2;1;KR 78  - CL 5 A  02;-74.145;4.629;8;1;;2015;10;3;98
A1416;11976;12/02/2022;0;1;CONDUCTOR;ILESO;MASCULINO;27;2;1;KR 78  - CL 5 A  02;-74.145;4.629;8;1;;2013;1;3;98
A1417;11977;12/02/2022;0;1;CONDUCTOR;ILESO;MASCULINO;60;2;6;CL 42 A  S- KR 87   02;-74.169;4.633;8;1;;2020;2;2;506
A1418;11978;12/02/2022;1;1;PASAJERO;HERIDO;FEMENINO;20;2;6;CL 42 A  S- KR 87   02;-74.169;4.633;8;1;;2020;2;2;506
A1419;11979;8/02/2022;1;2;MOTOCICLISTA;HERIDO;MASCULINO;26;2;1;CL 71  S- KR 4   02;-74.126.260.573;4.525.938.169;19;1;;2015;10;3;132
A1420;11980;8/02/2022;0;1;CONDUCTOR;ILESO;MASCULINO;52;2;1;CL 71  S- KR 4   02;-74.126.260.573;4.525.938.169;19;1;;2011;5;3;132
A1421;11981;12/02/2022;0;1;CONDUCTOR;HERIDO;MASCULINO;24;2;1;KR 123  - CL 13   02;-74.172.708.874;4.677.599.702;9;1;;2021;1;3;157
A1422;11982;9/02/2022;1;2;CONDUCTOR;ILESO;MASCULINO;46;2;1;CL 72 A  S- KR 17 A  02;-7.413.761.939;4.545.281.033;19;2;;2015;2;2;157
A1423;11983;9/02/2022;1;2;CONDUCTOR;ILESO;MASCULINO;46;2;1;CL 72 A  S- KR 17 A  02;-7.413.761.939;4.545.281.033;19;2;;2015;2;2;157
A1424;11984;9/02/2022;1;2;CONDUCTOR;ILESO;MASCULINO;46;2;1;CL 72 A  S- KR 17 A  02;-7.413.761.939;4.545.281.033;19;2;;2015;2;2;301
A1425;11985;9/02/2022;0;1;CONDUCTOR;HERIDO;MASCULINO;17;2;1;CL 72 A  S- KR 17 A  02;-7.413.761.939;4.545.281.033;19;2;;2010;14;3;157
A1426;11986;9/02/2022;2;1;ACOMPANANTE;HERIDO;MASCULINO;2;2;1;CL 72 A  S- KR 17 A  02;-7.413.761.939;4.545.281.033;19;2;;2010;14;3;157
A1427;11987;9/02/2022;0;1;CONDUCTOR;HERIDO;MASCULINO;17;2;1;CL 72 A  S- KR 17 A  02;-7.413.761.939;4.545.281.033;19;2;;2010;14;3;157
A1428;11988;9/02/2022;2;1;ACOMPANANTE;HERIDO;MASCULINO;2;2;1;CL 72 A  S- KR 17 A  02;-7.413.761.939;4.545.281.033;19;2;;2010;14;3;157
A1429;11989;9/02/2022;0;1;CONDUCTOR;HERIDO;MASCULINO;17;2;1;CL 72 A  S- KR 17 A  02;-7.413.761.939;4.545.281.033;19;2;;2010;14;3;301
A1430;11990;9/02/2022;2;1;ACOMPANANTE;HERIDO;MASCULINO;2;2;1;CL 72 A  S- KR 17 A  02;-7.413.761.939;4.545.281.033;19;2;;2010;14;3;301
A1431;11991;9/02/2022;1;2;CONDUCTOR;ILESO;MASCULINO;53;3;1;AV AVENIDA BOYACA - DG 64  S 02;-74.138;4.555;19;;;2011;1;2;145
A1432;11992;9/02/2022;0;1;CONDUCTOR;ILESO;MASCULINO;33;3;1;AV AVENIDA BOYACA - DG 64  S 02;-74.138;4.555;19;;;2015;2;2;145
A1433;11993;8/02/2022;2;3;CONDUCTOR;ILESO;MASCULINO;26;3;1;KR 56  - CL 9   02;-74.112.033.317;462.832.157.899.999;16;;;2015;5;3;145
A1434;11994;8/02/2022;1;2;CONDUCTOR;ILESO;MASCULINO;29;3;1;KR 56  - CL 9   02;-74.112.033.317;462.832.157.899.999;16;;;2012;1;3;145
A1435;11995;8/02/2022;0;1;CONDUCTOR;ILESO;MASCULINO;31;3;1;KR 56  - CL 9   02;-74.112.033.317;462.832.157.899.999;16;;;2013;1;3;145
A1436;11996;13/02/2022;1;;PEATON;HERIDO;MASCULINO;37;2;2;CL 22  S- KR 24   02;-74.105;4.584;15;2;;;;;142
A1437;11997;13/02/2022;0;1;MOTOCICLISTA;HERIDO;MASCULINO;41;2;2;CL 22  S- KR 24   02;-74.105;4.584;15;2;;2018;10;3;142
A1438;11998;12/02/2022;1;;PEATON;HERIDO;FEMENINO;8;2;2;CL 23 B  - KR 119 A  02;-74.149.197.655;4.692.134.406;9;2;;;;;157
A1439;11999;12/02/2022;2;;PEATON;HERIDO;FEMENINO;42;2;2;CL 23 B  - KR 119 A  02;-74.149.197.655;4.692.134.406;9;2;;;;;157
A1440;12000;12/02/2022;0;1;MOTOCICLISTA;ILESO;FEMENINO;22;2;2;CL 23 B  - KR 119 A  02;-74.149.197.655;4.692.134.406;9;2;;2012;10;3;157
A1441;12001;12/02/2022;1;2;CONDUCTOR;ILESO;MASCULINO;31;2;1;CL 149  - KR 104   02;-7.409.439.916;4.748.980.783;11;3;;2021;2;2;121
A1442;12002;12/02/2022;0;1;CONDUCTOR;ILESO;MASCULINO;30;2;1;CL 149  - KR 104   02;-7.409.439.916;4.748.980.783;11;3;;2021;2;2;121
A1443;12003;12/02/2022;2;1;PASAJERO;HERIDO;FEMENINO;28;2;1;CL 149  - KR 104   02;-7.409.439.916;4.748.980.783;11;3;;2021;2;2;121
A1444;12004;12/02/2022;3;1;PASAJERO;HERIDO;FEMENINO;35;2;1;CL 149  - KR 104   02;-7.409.439.916;4.748.980.783;11;3;;2021;2;2;121
A1445;12005;12/02/2022;4;1;PASAJERO;HERIDO;FEMENINO;7;2;1;CL 149  - KR 104   02;-7.409.439.916;4.748.980.783;11;3;;2021;2;2;121
A1446;12006;12/02/2022;3;3;CONDUCTOR;;;;2;1;AV AVENIDA CARACAS - CL 60   02;-74.065;4.647;2;3;;;0;0;112
A1447;12007;12/02/2022;3;3;CONDUCTOR;;;;2;1;AV AVENIDA CARACAS - CL 60   02;-74.065;4.647;2;3;;;0;0;157
A1448;12008;12/02/2022;1;2;CICLISTA;HERIDO;MASCULINO;25;2;1;AV AVENIDA CARACAS - CL 60   02;-74.065;4.647;2;3;;;13;0;112
A1449;12009;12/02/2022;1;2;CICLISTA;HERIDO;MASCULINO;25;2;1;AV AVENIDA CARACAS - CL 60   02;-74.065;4.647;2;3;;;13;0;157
A1450;12010;12/02/2022;0;1;MOTOCICLISTA;HERIDO;MASCULINO;19;2;1;AV AVENIDA CARACAS - CL 60   02;-74.065;4.647;2;3;;2018;10;3;112
A1451;12011;12/02/2022;2;1;ACOMPANANTE;HERIDO;MASCULINO;23;2;1;AV AVENIDA CARACAS - CL 60   02;-74.065;4.647;2;3;;2018;10;3;112
A1452;12012;12/02/2022;0;1;MOTOCICLISTA;HERIDO;MASCULINO;19;2;1;AV AVENIDA CARACAS - CL 60   02;-74.065;4.647;2;3;;2018;10;3;157
A1453;12013;12/02/2022;2;1;ACOMPANANTE;HERIDO;MASCULINO;23;2;1;AV AVENIDA CARACAS - CL 60   02;-74.065;4.647;2;3;;2018;10;3;157
A1454;12014;4/04/2022;0;1;CONDUCTOR;ILESO;FEMENINO;30;3;1;AV AVENIDA BOYACA - CL 50   02;-74.109;4.669;10;;;2017;1;3;157
A1455;12015;4/04/2022;1;2;CICLISTA;HERIDO;MASCULINO;17;2;1;KR 3 A  - CL 60 A  02;-74.058;4.644;2;1;;;13;0;122
A1456;12016;4/04/2022;1;2;CICLISTA;HERIDO;MASCULINO;17;2;1;KR 3 A  - CL 60 A  02;-74.058;4.644;2;1;;;13;0;157
A1457;12017;4/04/2022;0;1;CONDUCTOR;ILESO;MASCULINO;50;2;1;KR 3 A  - CL 60 A  02;-74.058;4.644;2;1;;2013;5;3;122
A1458;12018;4/04/2022;0;1;CONDUCTOR;ILESO;MASCULINO;50;2;1;KR 3 A  - CL 60 A  02;-74.058;4.644;2;1;;2013;5;3;157
A1459;12019;4/04/2022;1;;PEATON;HERIDO;MASCULINO;20;2;2;KR 11  - CL 72   02;-74.059;4.657;2;1;;;;;157
A1460;12020;4/04/2022;0;1;CONDUCTOR;ILESO;MASCULINO;36;2;2;KR 11  - CL 72   02;-74.059;4.657;2;1;;2021;2;2;157
A1461;12021;4/04/2022;1;2;CONDUCTOR;ILESO;MASCULINO;39;3;1;KR 86  - CL 15   02;-74.139;4.657;8;;;2009;1;1;103
A1462;12022;4/04/2022;1;2;CONDUCTOR;ILESO;MASCULINO;39;3;1;KR 86  - CL 15   02;-74.139;4.657;8;;;2009;1;1;121
A1463;12023;4/04/2022;0;1;CONDUCTOR;ILESO;MASCULINO;43;3;1;KR 86  - CL 15   02;-74.139;4.657;8;;;2016;2;2;103
A1464;12024;4/04/2022;0;1;CONDUCTOR;ILESO;MASCULINO;43;3;1;KR 86  - CL 15   02;-74.139;4.657;8;;;2016;2;2;121
A1465;12025;4/04/2022;1;2;CONDUCTOR;;;;3;1;CL 59  S- KR 87 M  02;-74.191;4.625;7;;;;0;0;103
A1466;12026;4/04/2022;0;1;CONDUCTOR;ILESO;FEMENINO;34;3;1;CL 59  S- KR 87 M  02;-74.191;4.625;7;;;1998;1;3;103
A1467;12027;4/04/2022;1;2;CONDUCTOR;ILESO;MASCULINO;21;2;1;KR 20  - CL 17  S 02;-74.101;4.586;15;1;;2015;1;3;112
A1468;12028;4/04/2022;0;1;MOTOCICLISTA;HERIDO;MASCULINO;21;2;1;KR 20  - CL 17  S 02;-74.101;4.586;15;1;;2021;10;3;112
A1469;12029;4/03/2022;2;;PEATON;HERIDO;MASCULINO;22;2;1;CL 26  - KR 50   02;-74.095;4.64;13;4;;;;;102
A1470;12030;4/03/2022;3;;PEATON;HERIDO;FEMENINO;27;2;1;CL 26  - KR 50   02;-74.095;4.64;13;4;;;;;102
A1471;12031;4/03/2022;4;;PEATON;HERIDO;FEMENINO;20;2;1;CL 26  - KR 50   02;-74.095;4.64;13;4;;;;;102
A1472;12032;4/03/2022;1;2;MOTOCICLISTA;HERIDO;MASCULINO;32;2;1;CL 26  - KR 50   02;-74.095;4.64;13;4;;2018;10;3;102
A1473;12033;4/03/2022;0;1;CONDUCTOR;ILESO;FEMENINO;62;2;1;CL 26  - KR 50   02;-74.095;4.64;13;4;;2020;1;2;102
A1474;12034;5/04/2022;1;2;CICLISTA;MUERTO;MASCULINO;22;1;1;KR 86  - CL 67   02;-74.109;4.69;10;;1;;13;0;103
A1475;12035;5/04/2022;0;1;CONDUCTOR;ILESO;MASCULINO;32;1;1;KR 86  - CL 67   02;-74.109;4.69;10;;1;2014;2;2;103
A1476;12036;4/04/2022;2;3;CONDUCTOR;ILESO;MASCULINO;55;3;1;KR 30  - CL 13   02;-74.091.429.885;461.420.824.200.002;14;;;2002;1;2;121
A1477;12037;4/04/2022;1;2;CONDUCTOR;ILESO;MASCULINO;50;3;1;KR 30  - CL 13   02;-74.091.429.885;461.420.824.200.002;14;;;1967;5;3;121
A1478;12038;4/04/2022;0;1;CONDUCTOR;ILESO;MASCULINO;31;3;1;KR 30  - CL 13   02;-74.091.429.885;461.420.824.200.002;14;;;2008;5;1;121
A1479;12039;17/03/2022;1;2;CONDUCTOR;ILESO;MASCULINO;32;3;1;CL 17  - KR 86   02;-74.136;4.659;9;;;2012;7;2;121
A1480;12040;17/03/2022;0;1;CONDUCTOR;ILESO;MASCULINO;48;3;1;CL 17  - KR 86   02;-74.136;4.659;9;;;2013;1;3;121
A1481;12041;18/03/2022;1;2;CONDUCTOR;ILESO;MASCULINO;29;3;1;KR 45  - CL 128   02;-74.053;4.712;1;;;2019;5;2;103
A1482;12042;18/03/2022;1;2;CONDUCTOR;ILESO;MASCULINO;29;3;1;KR 45  - CL 128   02;-74.053;4.712;1;;;2019;5;2;121
A1483;12043;18/03/2022;0;1;CONDUCTOR;ILESO;MASCULINO;75;3;1;KR 45  - CL 128   02;-74.053;4.712;1;;;2010;1;2;103
A1484;12044;18/03/2022;0;1;CONDUCTOR;ILESO;MASCULINO;75;3;1;KR 45  - CL 128   02;-74.053;4.712;1;;;2010;1;2;121
A1485;12045;17/03/2022;1;2;CICLISTA;HERIDO;FEMENINO;17;2;1;CL 59  - KR 82 G BIS  02;-74.185;4.617;7;1;;;13;0;157
A1486;12046;17/03/2022;1;2;CICLISTA;HERIDO;FEMENINO;17;2;1;CL 59  - KR 82 G BIS  02;-74.185;4.617;7;1;;;13;0;157
A1487;12047;17/03/2022;0;1;MOTOCICLISTA;ILESO;MASCULINO;27;2;1;CL 59  - KR 82 G BIS  02;-74.185;4.617;7;1;;;10;3;157
A1488;12048;17/03/2022;0;1;MOTOCICLISTA;ILESO;MASCULINO;27;2;1;CL 59  - KR 82 G BIS  02;-74.185;4.617;7;1;;;10;3;157
A1489;12049;26/03/2022;1;2;CONDUCTOR;ILESO;MASCULINO;54;3;1;KR 45  - CL 108   02;-74.056;4.695;1;;;2010;1;2;121
A1490;12050;26/03/2022;0;1;CONDUCTOR;ILESO;MASCULINO;54;3;1;KR 45  - CL 108   02;-74.056;4.695;1;;;2016;5;3;121
A1491;12051;27/03/2022;1;2;CONDUCTOR;ILESO;MASCULINO;30;3;1;KR 68  - CL 78   02;-74.082;4.682;12;;;1999;5;3;121
A1492;12052;27/03/2022;0;1;CONDUCTOR;ILESO;FEMENINO;30;3;1;KR 68  - CL 78   02;-74.082;4.682;12;;;2017;5;1;121
A1493;12053;26/03/2022;1;2;CONDUCTOR;ILESO;MASCULINO;45;3;1;CL 17  - KR 88   02;-74.138;4.662;9;;;2017;4;2;145
A1494;12054;26/03/2022;0;1;CONDUCTOR;ILESO;MASCULINO;37;3;1;CL 17  - KR 88   02;-74.138;4.662;9;;;;1;3;145
A1495;12055;27/03/2022;1;2;CONDUCTOR;ILESO;MASCULINO;57;3;1;AU NORTE - CL 191   02;-74.043;4.77;1;;;2010;6;3;102
A1496;12056;27/03/2022;0;1;CONDUCTOR;ILESO;MASCULINO;65;3;1;AU NORTE - CL 191   02;-74.043;4.77;1;;;2020;6;3;102
A1497;12057;27/03/2022;1;2;MOTOCICLISTA;HERIDO;MASCULINO;22;2;1;CL 102  - KR 17 A  02;-74.05;4.687;1;1;;2014;10;3;112
A1498;12058;27/03/2022;0;1;CONDUCTOR;ILESO;MASCULINO;65;2;1;CL 102  - KR 17 A  02;-74.05;4.687;1;1;;2021;5;3;112
A1499;12059;26/03/2022;2;3;CONDUCTOR;ILESO;MASCULINO;38;3;1;KR 47  - CL 134   02;-74.055;4.719;11;;;2017;1;3;157
A1500;12060;26/03/2022;1;2;CONDUCTOR;ILESO;FEMENINO;40;3;1;KR 47  - CL 134   02;-74.055;4.719;11;;;2020;1;3;157
A1501;12061;26/03/2022;0;1;CONDUCTOR;ILESO;MASCULINO;72;3;1;KR 47  - CL 134   02;-74.055;4.719;11;;;2007;6;3;157
A1502;12062;25/03/2022;1;2;CONDUCTOR;ILESO;FEMENINO;32;3;1;KR 76  - CL 65 A  02;-74.104;4.683;10;;;2012;6;3;157
A1503;12063;25/03/2022;1;2;CONDUCTOR;ILESO;FEMENINO;32;3;1;KR 76  - CL 65 A  02;-74.104;4.683;10;;;2012;6;3;157
A1504;12064;25/03/2022;0;1;CONDUCTOR;ILESO;MASCULINO;35;3;1;KR 76  - CL 65 A  02;-74.104;4.683;10;;;2009;1;3;157
A1505;12065;25/03/2022;0;1;CONDUCTOR;ILESO;MASCULINO;35;3;1;KR 76  - CL 65 A  02;-74.104;4.683;10;;;2009;1;3;157
A1506;12066;26/03/2022;2;3;CONDUCTOR;ILESO;MASCULINO;32;3;1;AV AVENIDA TRANSVERSAL DE SUBA - CL 124   02;-74.072;4.708;11;;;2021;1;3;121
A1507;12067;26/03/2022;1;2;CONDUCTOR;ILESO;MASCULINO;31;3;1;AV AVENIDA TRANSVERSAL DE SUBA - CL 124   02;-74.072;4.708;11;;;2013;1;3;121
A1508;12068;26/03/2022;0;1;CONDUCTOR;ILESO;MASCULINO;31;3;1;AV AVENIDA TRANSVERSAL DE SUBA - CL 124   02;-74.072;4.708;11;;;2015;4;2;121
A1509;12069;26/03/2022;2;3;CONDUCTOR;ILESO;MASCULINO;51;3;1;KR 28  - CL 1 C  02;-74.102;4.598;14;;;2020;5;2;121
A1510;12070;26/03/2022;1;2;CONDUCTOR;ILESO;MASCULINO;19;3;1;KR 28  - CL 1 C  02;-74.102;4.598;14;;;2017;1;3;121
A1511;12071;26/03/2022;0;1;CONDUCTOR;ILESO;MASCULINO;44;3;1;KR 28  - CL 1 C  02;-74.102;4.598;14;;;2014;1;3;121
A1512;12072;28/03/2022;1;;PEATON;HERIDO;FEMENINO;48;2;2;CL 19  - KR 6   02;-74.071;4.605;3;1;;;;;157
A1513;12073;28/03/2022;0;1;CONDUCTOR;ILESO;MASCULINO;34;2;2;CL 19  - KR 6   02;-74.071;4.605;3;1;;2015;2;2;157
A1514;12074;28/03/2022;1;2;CONDUCTOR;ILESO;MASCULINO;30;3;1;KR 6 B  - CL 32 A  02;-74.067.255.392;461.886.314.200.001;3;;;2016;5;2;134
A1515;12075;28/03/2022;0;1;CONDUCTOR;ILESO;MASCULINO;40;3;1;KR 6 B  - CL 32 A  02;-74.067.255.392;461.886.314.200.001;3;;;2019;4;2;134
A1516;12076;28/03/2022;1;2;CONDUCTOR;;;;2;1;CL 234  - KR 104   02;-74.074;4.819;11;1;;;0;0;157
A1517;12077;28/03/2022;0;1;MOTOCICLISTA;HERIDO;FEMENINO;31;2;1;CL 234  - KR 104   02;-74.074;4.819;11;1;;2021;10;3;157
A1518;12078;27/03/2022;0;1;CONDUCTOR;ILESO;MASCULINO;53;2;4;AV AVENIDA DE LAS AMERICAS - KR 33   02;-74.087;4.626;13;1;;2020;2;2;506
A1519;12079;27/03/2022;1;1;PASAJERO;HERIDO;FEMENINO;69;2;4;AV AVENIDA DE LAS AMERICAS - KR 33   02;-74.087;4.626;13;1;;2020;2;2;506
A1520;12080;26/03/2022;1;2;CONDUCTOR;ILESO;MASCULINO;44;3;1;KR 4 D  - CL 37  S 02;-74.092;4.554;4;;;2012;2;2;157
A1521;12081;26/03/2022;0;1;CONDUCTOR;ILESO;MASCULINO;52;3;1;KR 4 D  - CL 37  S 02;-74.092;4.554;4;;;2003;1;3;157
A1522;12082;26/03/2022;1;2;CONDUCTOR;ILESO;MASCULINO;54;3;1;CL 26  - KR 60   02;-74.099;4.648;13;;;2011;1;3;121
A1523;12083;26/03/2022;0;1;CONDUCTOR;ILESO;MASCULINO;39;3;1;CL 26  - KR 60   02;-74.099;4.648;13;;;2020;5;3;121
A1524;12084;29/03/2022;1;2;CONDUCTOR;ILESO;MASCULINO;54;3;1;CL 76  - KR 7   02;-74.053;4.659;2;;;2021;2;2;157
A1525;12085;29/03/2022;1;2;CONDUCTOR;ILESO;MASCULINO;54;3;1;CL 76  - KR 7   02;-74.053;4.659;2;;;2021;2;2;157
A1526;12086;29/03/2022;0;1;CONDUCTOR;ILESO;FEMENINO;20;3;1;CL 76  - KR 7   02;-74.053;4.659;2;;;2016;1;3;157
A1527;12087;29/03/2022;0;1;CONDUCTOR;ILESO;FEMENINO;20;3;1;CL 76  - KR 7   02;-74.053;4.659;2;;;2016;1;3;157
A1528;12088;29/03/2022;1;2;CONDUCTOR;ILESO;MASCULINO;23;3;1;CL 25 F  - KR 85 B  02;-74.12;4.674;9;;;2013;6;3;157
A1529;12089;29/03/2022;1;2;CONDUCTOR;ILESO;MASCULINO;23;3;1;CL 25 F  - KR 85 B  02;-74.12;4.674;9;;;2013;6;3;157
A1530;12090;29/03/2022;0;1;CONDUCTOR;ILESO;MASCULINO;46;3;1;CL 25 F  - KR 85 B  02;-74.12;4.674;9;;;2008;4;2;157
A1531;12091;29/03/2022;0;1;CONDUCTOR;ILESO;MASCULINO;46;3;1;CL 25 F  - KR 85 B  02;-74.12;4.674;9;;;2008;4;2;157
A1532;12092;28/03/2022;1;;PEATON;HERIDO;MASCULINO;85;2;2;CL 49  S- KR 87 K  02;-74.178.140.767;463.091.273.399.999;8;1;;;;;157
A1533;12093;28/03/2022;0;1;CICLISTA;ILESO;MASCULINO;39;2;2;CL 49  S- KR 87 K  02;-74.178.140.767;463.091.273.399.999;8;1;;;13;0;157
A1534;12094;29/03/2022;1;2;CONDUCTOR;ILESO;MASCULINO;32;3;1;KR 7  - CL 41   02;-74.065;4.629;2;;;2013;1;3;103
A1535;12095;29/03/2022;0;1;CONDUCTOR;ILESO;MASCULINO;36;3;1;KR 7  - CL 41   02;-74.065;4.629;2;;;2012;2;2;103
A1536;12096;28/03/2022;1;2;MOTOCICLISTA;ILESO;MASCULINO;40;3;1;KR 72  - CL 77   02;-74.091.351.207;469.262.092.000.002;10;;;2013;10;3;106
A1537;12097;28/03/2022;0;1;CONDUCTOR;ILESO;MASCULINO;28;3;1;KR 72  - CL 77   02;-74.091.351.207;469.262.092.000.002;10;;;;5;3;106
A1538;12098;28/03/2022;1;2;CONDUCTOR;ILESO;MASCULINO;39;3;1;KR 80  - CL 59  S 02;-74.181;4.608;7;;;1976;1;3;157
A1539;12099;28/03/2022;1;2;CONDUCTOR;ILESO;MASCULINO;39;3;1;KR 80  - CL 59  S 02;-74.181;4.608;7;;;1976;1;3;157
A1540;12100;28/03/2022;0;1;CONDUCTOR;ILESO;MASCULINO;33;3;1;KR 80  - CL 59  S 02;-74.181;4.608;7;;;2016;5;2;157
A1541;12101;28/03/2022;0;1;CONDUCTOR;ILESO;MASCULINO;33;3;1;KR 80  - CL 59  S 02;-74.181;4.608;7;;;2016;5;2;157
A1542;12102;28/03/2022;1;2;CONDUCTOR;ILESO;MASCULINO;46;3;1;KR 64 A  - CL 4 G  02;-74.12;4.625;16;;;2016;1;3;112
A1543;12103;28/03/2022;0;1;CONDUCTOR;ILESO;MASCULINO;23;3;1;KR 64 A  - CL 4 G  02;-74.12;4.625;16;;;2011;1;3;112