FORMULARIO;CODIGO_ACCIDENTE;FECHA;CODIGO_VICTIMA;CODIGO_VEHICULO;TIPO_ACTOR;ESTADO;GENERO;EDAD;GRAVEDAD;CLASE_SINIESTRO;DIRECCION;LONGITUD;LATITUD;CODIGO_LOCALIDAD;TOTAL_HERIDOS;TOTAL_MUERTOS;MOD_VEHICULO;CLASE_VEHICULO;SERVICIO_VEHICULO;CODIGO_CAUSA
A1544;12104;28/03/2022;1;2;CONDUCTOR;ILESO;MASCULINO;32;3;1;CL 6  - KR 33   02;-74.102;4.609;16;;;2014;1;3;121
A1545;12105;28/03/2022;0;1;CONDUCTOR;ILESO;MASCULINO;22;3;1;CL 6  - KR 33   02;-74.102;4.609;16;;;2013;5;2;121
A1546;12106;28/03/2022;1;2;CONDUCTOR;ILESO;MASCULINO;21;3;1;CL 22 A  S- KR 5 A  02;-74.091;4.572;4;;;2020;1;2;121
A1547;12107;28/03/2022;0;1;MOTOCICLISTA;ILESO;FEMENINO;29;3;1;CL 22 A  S- KR 5 A  02;-74.091;4.572;4;;;2019;10;3;121
A1548;12108;29/03/2022;1;2;CONDUCTOR;ILESO;MASCULINO;66;3;1;CL 187 A  - KR 7 A  02;-74.028;4.764;1;;;1998;6;3;132
A1549;12109;29/03/2022;1;2;CONDUCTOR;ILESO;MASCULINO;66;3;1;CL 187 A  - KR 7 A  02;-74.028;4.764;1;;;1998;6;3;157
A1550;12110;29/03/2022;0;1;CONDUCTOR;ILESO;MASCULINO;19;3;1;CL 187 A  - KR 7 A  02;-74.028;4.764;1;;;2015;5;3;132
A1551;12111;29/03/2022;0;1;CONDUCTOR;ILESO;MASCULINO;19;3;1;CL 187 A  - KR 7 A  02;-74.028;4.764;1;;;2015;5;3;157
A1552;12112;28/03/2022;1;2;MOTOCICLISTA;ILESO;FEMENINO;30;3;1;TV 42  - CL 59 B  02;-74.152;4.574;19;;;;10;3;139
A1553;12113;28/03/2022;0;1;CONDUCTOR;ILESO;FEMENINO;55;3;1;TV 42  - CL 59 B  02;-74.152;4.574;19;;;2018;5;3;139
A1554;12114;28/03/2022;1;2;CONDUCTOR;ILESO;MASCULINO;45;3;1;KR 70 B  - AC 3   02;-74.132;4.625;8;;;2009;1;3;157
A1555;12115;28/03/2022;0;1;CONDUCTOR;ILESO;MASCULINO;22;3;1;KR 70 B  - AC 3   02;-74.132;4.625;8;;;2021;5;2;157
A1556;12116;28/03/2022;1;;PEATON;HERIDO;MASCULINO;13;2;2;CL 43 B  S- KR 3 C  E 02;-74.094;4.547;4;1;;;;;123
A1557;12117;28/03/2022;0;1;CONDUCTOR;ILESO;MASCULINO;51;2;2;CL 43 B  S- KR 3 C  E 02;-74.094;4.547;4;1;;2008;4;3;123
A1558;12118;29/03/2022;0;1;CONDUCTOR;ILESO;MASCULINO;53;2;4;CL 170  - KR 69   02;-74.064;4.759;11;3;;2015;2;2;302
A1559;12119;29/03/2022;1;1;PASAJERO;HERIDO;MASCULINO;55;2;4;CL 170  - KR 69   02;-74.064;4.759;11;3;;2015;2;2;302
A1560;12120;29/03/2022;2;1;PASAJERO;HERIDO;FEMENINO;0;2;4;CL 170  - KR 69   02;-74.064;4.759;11;3;;2015;2;2;302
A1561;12121;29/03/2022;3;1;PASAJERO;HERIDO;FEMENINO;22;2;4;CL 170  - KR 69   02;-74.064;4.759;11;3;;2015;2;2;302
A1562;12122;28/03/2022;0;1;CONDUCTOR;ILESO;FEMENINO;61;2;4;KR 27  - CL 38 A  S 02;-74.123;4.589;16;1;;2020;2;2;506
A1563;12123;28/03/2022;1;1;PASAJERO;HERIDO;MASCULINO;36;2;4;KR 27  - CL 38 A  S 02;-74.123;4.589;16;1;;2020;2;2;506
A1564;12124;28/03/2022;1;;PEATON;HERIDO;FEMENINO;53;2;2;CL 134  - KR 54   02;-74.06;4.721;11;2;;;;;98
A1565;12125;28/03/2022;0;1;MOTOCICLISTA;HERIDO;MASCULINO;30;2;2;CL 134  - KR 54   02;-74.06;4.721;11;2;;2021;10;3;98
A1566;12126;30/03/2022;0;1;CONDUCTOR;ILESO;MASCULINO;59;2;4;KR 14  - CL 65 C  S 02;-74.12;4.534;5;1;;2014;2;2;506
A1567;12127;30/03/2022;1;1;PASAJERO;HERIDO;FEMENINO;65;2;4;KR 14  - CL 65 C  S 02;-74.12;4.534;5;1;;2014;2;2;506
A1568;12128;28/03/2022;1;2;CONDUCTOR;ILESO;MASCULINO;53;3;1;CL 53  S- KR 10 A  02;-74.124;4.558;6;;;2014;2;2;122
A1569;12129;28/03/2022;0;1;CONDUCTOR;ILESO;MASCULINO;43;3;1;CL 53  S- KR 10 A  02;-74.124;4.558;6;;;2008;5;3;122
A1570;12130;31/03/2022;1;2;MOTOCICLISTA;ILESO;MASCULINO;36;2;1;AK 30  - CL 57 A  02;-74.078;4.647;13;1;;2020;10;3;121
A1571;12131;31/03/2022;0;1;MOTOCICLISTA;ILESO;MASCULINO;48;2;1;AK 30  - CL 57 A  02;-74.078;4.647;13;1;;2018;10;3;121
A1572;12132;31/03/2022;2;1;ACOMPANANTE;HERIDO;FEMENINO;35;2;1;AK 30  - CL 57 A  02;-74.078;4.647;13;1;;2018;10;3;121
A1573;12133;29/03/2022;1;2;CONDUCTOR;ILESO;MASCULINO;50;3;1;AC 6  - KR 68   02;-74.122;4.629;16;;;1988;5;3;121
A1574;12134;29/03/2022;1;2;CONDUCTOR;ILESO;MASCULINO;50;3;1;AC 6  - KR 68   02;-74.122;4.629;16;;;1988;5;3;139
A1575;12135;29/03/2022;0;1;CONDUCTOR;ILESO;MASCULINO;27;3;1;AC 6  - KR 68   02;-74.122;4.629;16;;;2020;1;3;121
A1576;12136;29/03/2022;0;1;CONDUCTOR;ILESO;MASCULINO;27;3;1;AC 6  - KR 68   02;-74.122;4.629;16;;;2020;1;3;139
A1577;12137;28/03/2022;1;2;CONDUCTOR;ILESO;MASCULINO;63;3;1;KR 19  - CL 12   02;-74.085.316.268;460.604.001.199.999;14;;;2021;1;3;103
A1578;12138;28/03/2022;0;1;CONDUCTOR;ILESO;MASCULINO;35;3;1;KR 19  - CL 12   02;-74.085.316.268;460.604.001.199.999;14;;;2015;1;2;103
A1579;12139;30/03/2022;1;2;MOTOCICLISTA;HERIDO;MASCULINO;18;2;1;KR 78 A  - CL 71 C  S 02;-74.195.805.409;460.251.231.900.003;7;3;;2021;10;3;112
A1580;12140;30/03/2022;1;2;MOTOCICLISTA;HERIDO;MASCULINO;18;2;1;KR 78 A  - CL 71 C  S 02;-74.195.805.409;460.251.231.900.003;7;3;;2021;10;3;157
A1581;12141;30/03/2022;0;1;CONDUCTOR;HERIDO;MASCULINO;28;2;1;KR 78 A  - CL 71 C  S 02;-74.195.805.409;460.251.231.900.003;7;3;;2011;1;2;112
A1582;12142;30/03/2022;2;1;ACOMPANANTE;HERIDO;FEMENINO;21;2;1;KR 78 A  - CL 71 C  S 02;-74.195.805.409;460.251.231.900.003;7;3;;2011;1;2;112
A1583;12143;30/03/2022;0;1;CONDUCTOR;HERIDO;MASCULINO;28;2;1;KR 78 A  - CL 71 C  S 02;-74.195.805.409;460.251.231.900.003;7;3;;2011;1;2;157
A1584;12144;30/03/2022;2;1;ACOMPANANTE;HERIDO;FEMENINO;21;2;1;KR 78 A  - CL 71 C  S 02;-74.195.805.409;460.251.231.900.003;7;3;;2011;1;2;157
A1585;12145;28/03/2022;1;2;MOTOCICLISTA;HERIDO;MASCULINO;47;2;1;TV 76  - CL 130   02;-74.074.443.506;472.308.711.699.998;11;1;;2012;10;3;121
A1586;12146;28/03/2022;0;1;CONDUCTOR;ILESO;MASCULINO;53;2;1;TV 76  - CL 130   02;-74.074.443.506;472.308.711.699.998;11;1;;2014;1;3;121
A1587;12147;30/03/2022;1;2;CONDUCTOR;ILESO;FEMENINO;38;3;1;KR 45  - CL 187   02;-74.043.966.075;476.260.129.799.999;1;;;2019;1;3;103
A1588;12148;30/03/2022;0;1;CONDUCTOR;ILESO;MASCULINO;42;3;1;KR 45  - CL 187   02;-74.043.966.075;476.260.129.799.999;1;;;1995;8;2;103
A1589;12149;30/03/2022;1;2;CONDUCTOR;;;;2;1;AV AVENIDA BOYACA - CL 8   02;-74.137;4.637;8;1;;;0;0;157
A1590;12150;30/03/2022;0;1;CICLISTA;HERIDO;FEMENINO;26;2;1;AV AVENIDA BOYACA - CL 8   02;-74.137;4.637;8;1;;;13;0;157
A1591;12151;30/03/2022;1;2;MOTOCICLISTA;HERIDO;MASCULINO;38;2;1;KR 1  - CL 26   02;-74.065;4.606;3;4;;2013;10;3;121
A1592;12152;30/03/2022;2;2;ACOMPANANTE;HERIDO;MASCULINO;21;2;1;KR 1  - CL 26   02;-74.065;4.606;3;4;;2013;10;3;121
A1593;12153;30/03/2022;0;1;MOTOCICLISTA;HERIDO;FEMENINO;30;2;1;KR 1  - CL 26   02;-74.065;4.606;3;4;;2020;10;3;121
A1594;12154;30/03/2022;3;1;ACOMPANANTE;HERIDO;MASCULINO;21;2;1;KR 1  - CL 26   02;-74.065;4.606;3;4;;2020;10;3;121
A1595;12155;31/03/2022;1;2;CONDUCTOR;ILESO;MASCULINO;47;3;1;CL 94  - KR 9   02;-74.044;4.676;2;;;2016;1;2;103
A1596;12156;31/03/2022;0;1;CONDUCTOR;ILESO;MASCULINO;32;3;1;CL 94  - KR 9   02;-74.044;4.676;2;;;2001;4;2;103
A1597;12157;31/03/2022;1;2;CONDUCTOR;;;;3;1;CL 169  - KR 54 D  02;-74.055;4.752;11;;;;0;0;157
A1598;12158;31/03/2022;1;2;CONDUCTOR;;;;3;1;CL 169  - KR 54 D  02;-74.055;4.752;11;;;;0;0;157
A1599;12159;31/03/2022;0;1;CONDUCTOR;;;;3;1;CL 169  - KR 54 D  02;-74.055;4.752;11;;;;1;3;157
A1600;12160;31/03/2022;0;1;CONDUCTOR;;;;3;1;CL 169  - KR 54 D  02;-74.055;4.752;11;;;;1;3;157
A1601;12161;31/03/2022;1;2;CONDUCTOR;ILESO;MASCULINO;45;3;1;CL 100  - KR 19   02;-74.052;4.686;2;;;2017;5;3;121
A1602;12162;31/03/2022;0;1;CONDUCTOR;ILESO;FEMENINO;29;3;1;CL 100  - KR 19   02;-74.052;4.686;2;;;2014;1;3;121
A1603;12163;31/03/2022;0;1;CONDUCTOR;ILESO;MASCULINO;22;3;1;CL 52 A  S- KR 1  E 02;-74.11;4.541;18;;;1978;5;3;157
A1604;12164;1/04/2022;1;;PEATON;HERIDO;FEMENINO;67;2;2;AV AVENIDA CARACAS - CL 11  S 02;-74.095;4.586;15;1;;;;;157
A1605;12165;1/04/2022;0;1;CONDUCTOR;ILESO;MASCULINO;58;2;2;AV AVENIDA CARACAS - CL 11  S 02;-74.095;4.586;15;1;;2021;1;2;157
A1606;12166;31/03/2022;1;2;CONDUCTOR;ILESO;MASCULINO;38;3;1;AV AVENIDA BOYACA - CL 80   02;-74.089;4.696;10;;;2021;5;3;121
A1607;12167;31/03/2022;0;1;CONDUCTOR;ILESO;MASCULINO;52;3;1;AV AVENIDA BOYACA - CL 80   02;-74.089;4.696;10;;;2012;9;2;121
A1608;12168;3/04/2022;0;1;MOTOCICLISTA;HERIDO;MASCULINO;23;2;1;KR 30  - CL 18   02;-74.089;4.617;14;1;;;10;3;157
A1609;12169;1/04/2022;0;1;CONDUCTOR;ILESO;MASCULINO;53;2;4;KR 67  - CL 60 B  S 02;-74.158;4.592;19;1;;2014;2;2;157
A1610;12170;1/04/2022;1;1;PASAJERO;HERIDO;MASCULINO;5;2;4;KR 67  - CL 60 B  S 02;-74.158;4.592;19;1;;2014;2;2;157
A1611;12171;3/04/2022;1;2;CONDUCTOR;HERIDO;MASCULINO;23;2;1;CL 63  - KR 70   02;-74.101;4.671;10;3;;2011;1;3;122
A1612;12172;3/04/2022;0;1;CONDUCTOR;HERIDO;MASCULINO;24;2;1;CL 63  - KR 70   02;-74.101;4.671;10;3;;2009;1;2;122
A1613;12173;3/04/2022;2;1;ACOMPANANTE;HERIDO;FEMENINO;24;2;1;CL 63  - KR 70   02;-74.101;4.671;10;3;;2009;1;2;122
A1614;12174;1/04/2022;0;1;CONDUCTOR;ILESO;MASCULINO;31;2;4;KR 68 C  - CL 75   02;-74.084;4.682;10;1;;2014;2;2;506
A1615;12175;1/04/2022;1;1;PASAJERO;HERIDO;FEMENINO;51;2;4;KR 68 C  - CL 75   02;-74.084;4.682;10;1;;2014;2;2;506
A1616;12176;3/04/2022;1;2;MOTOCICLISTA;HERIDO;FEMENINO;26;2;1;CL 71  S- KR 80 I  02;-74.194;4.606;7;3;;2020;10;3;112
A1617;12177;3/04/2022;0;1;CONDUCTOR;HERIDO;MASCULINO;33;2;1;CL 71  S- KR 80 I  02;-74.194;4.606;7;3;;2016;1;3;112
A1618;12178;3/04/2022;2;1;ACOMPANANTE;HERIDO;FEMENINO;22;2;1;CL 71  S- KR 80 I  02;-74.194;4.606;7;3;;2016;1;3;112
A1619;12179;29/04/2022;1;2;CONDUCTOR;ILESO;MASCULINO;42;3;1;AV AVENIDA CIUDAD DE CALI - CL 91   02;-74.097;4.722;11;;;1993;1;3;103
A1620;12180;29/04/2022;0;1;CONDUCTOR;ILESO;MASCULINO;30;3;1;AV AVENIDA CIUDAD DE CALI - CL 91   02;-74.097;4.722;11;;;2021;5;2;103
A1621;12181;26/04/2022;1;2;CONDUCTOR;ILESO;MASCULINO;30;3;1;KR 69 C  - CL 24 A  S 02;-74.134;4.616;8;;;2011;5;3;112
A1622;12182;26/04/2022;0;1;CONDUCTOR;ILESO;MASCULINO;38;3;1;KR 69 C  - CL 24 A  S 02;-74.134;4.616;8;;;2011;5;2;112
A1623;12183;29/04/2022;1;2;MOTOCICLISTA;MUERTO;FEMENINO;26;1;1;DG 2  - KR 78 q  02;-74.15;4.631;8;;1;2020;10;3;103
A1624;12184;29/04/2022;0;1;CONDUCTOR;ILESO;MASCULINO;28;1;1;DG 2  - KR 78 q  02;-74.15;4.631;8;;1;2021;4;3;103
A1625;12185;28/04/2022;2;3;CONDUCTOR;ILESO;MASCULINO;26;3;1;KR 68  - AV AVENIDA DE LA ESPERANZA  02;-74.107;4.649;13;;;2010;2;2;103
A1626;12186;28/04/2022;1;2;CONDUCTOR;ILESO;MASCULINO;35;3;1;KR 68  - AV AVENIDA DE LA ESPERANZA  02;-74.107;4.649;13;;;2015;4;2;103
A1627;12187;28/04/2022;0;1;CONDUCTOR;ILESO;MASCULINO;39;3;1;KR 68  - AV AVENIDA DE LA ESPERANZA  02;-74.107;4.649;13;;;2021;2;2;103
A1628;12188;28/04/2022;1;2;CONDUCTOR;ILESO;MASCULINO;27;3;1;KR 30  - CL 39 A  02;-74.08;4.633;13;;;2008;1;2;127
A1629;12189;28/04/2022;0;1;CONDUCTOR;ILESO;FEMENINO;41;3;1;KR 30  - CL 39 A  02;-74.08;4.633;13;;;2007;6;3;127
A1630;12190;27/04/2022;1;2;CONDUCTOR;ILESO;FEMENINO;30;3;1;CL 65 H  S- KR 78 A  02;-74.186;4.601;7;;;2021;5;3;104
A1631;12191;27/04/2022;0;1;CONDUCTOR;ILESO;MASCULINO;75;3;1;CL 65 H  S- KR 78 A  02;-74.186;4.601;7;;;2008;8;2;104
A1632;12192;28/04/2022;1;2;CONDUCTOR;ILESO;MASCULINO;27;3;1;AU SUR - CL 76  S 02;-74.179;4.597;7;;;2008;2;2;121
A1633;12193;28/04/2022;0;1;CONDUCTOR;ILESO;MASCULINO;36;3;1;AU SUR - CL 76  S 02;-74.179;4.597;7;;;2014;1;2;121
A1634;12194;27/04/2022;1;2;CONDUCTOR;ILESO;MASCULINO;48;3;1;KR 92  - CL 6 D  02;-74.158;4.652;8;;;2021;2;2;104
A1635;12195;27/04/2022;0;1;CONDUCTOR;ILESO;FEMENINO;42;3;1;KR 92  - CL 6 D  02;-74.158;4.652;8;;;2011;1;3;104
A1636;12196;28/04/2022;1;2;CONDUCTOR;ILESO;MASCULINO;45;3;1;CL 150 A  - KR 50   02;-74.053;4.733;11;;;2021;5;3;112
A1637;12197;28/04/2022;0;1;CONDUCTOR;ILESO;MASCULINO;61;3;1;CL 150 A  - KR 50   02;-74.053;4.733;11;;;2009;1;3;112
A1638;12198;29/04/2022;1;2;CONDUCTOR;ILESO;MASCULINO;57;3;1;KR 64  - CL 97   02;-74.07;4.687;12;;;2015;1;3;112
A1639;12199;29/04/2022;0;1;CONDUCTOR;ILESO;MASCULINO;27;3;1;KR 64  - CL 97   02;-74.07;4.687;12;;;2019;9;2;112
A1640;12200;25/04/2022;1;2;CONDUCTOR;ILESO;MASCULINO;45;3;1;TV 78 H  - CL 72 F  S 02;-74.162;4.615;8;;;2010;1;3;127
A1641;12201;25/04/2022;0;1;CONDUCTOR;ILESO;FEMENINO;30;3;1;TV 78 H  - CL 72 F  S 02;-74.162;4.615;8;;;2018;1;3;127
A1642;12202;27/04/2022;1;2;CONDUCTOR;ILESO;MASCULINO;46;3;1;CL 153  - KR 19   02;-74.044;4.736;1;;;2020;5;3;121
A1643;12203;27/04/2022;0;1;CONDUCTOR;ILESO;MASCULINO;32;3;1;CL 153  - KR 19   02;-74.044;4.736;1;;;2007;1;3;121
A1644;12204;26/04/2022;1;2;CONDUCTOR;ILESO;MASCULINO;60;3;1;AV AVENIDA BOYACA - CL 24  S 02;-74.14;4.574;6;;;2012;8;2;157
A1645;12205;26/04/2022;0;1;CONDUCTOR;ILESO;MASCULINO;62;3;1;AV AVENIDA BOYACA - CL 24  S 02;-74.14;4.574;6;;;2014;2;2;157
A1646;12206;25/04/2022;1;2;CONDUCTOR;ILESO;MASCULINO;48;3;1;CL 26  - KR 7   02;-74.07;4.611;3;;;2017;1;3;121
A1647;12207;25/04/2022;0;1;CONDUCTOR;ILESO;MASCULINO;34;3;1;CL 26  - KR 7   02;-74.07;4.611;3;;;2018;1;3;121
A1648;12208;28/04/2022;2;3;CONDUCTOR;ILESO;MASCULINO;29;3;1;KR 86  - CL 15 A  02;-74.139;4.657;8;;;2001;1;3;121
A1649;12209;28/04/2022;2;3;CONDUCTOR;ILESO;MASCULINO;29;3;1;KR 86  - CL 15 A  02;-74.139;4.657;8;;;2001;1;3;121
A1650;12210;28/04/2022;1;2;CONDUCTOR;ILESO;MASCULINO;24;3;1;KR 86  - CL 15 A  02;-74.139;4.657;8;;;2015;1;3;121
A1651;12211;28/04/2022;1;2;CONDUCTOR;ILESO;MASCULINO;24;3;1;KR 86  - CL 15 A  02;-74.139;4.657;8;;;2015;1;3;121
A1652;12212;28/04/2022;0;1;CONDUCTOR;ILESO;MASCULINO;35;3;1;KR 86  - CL 15 A  02;-74.139;4.657;8;;;2019;5;2;121
A1653;12213;28/04/2022;0;1;CONDUCTOR;ILESO;MASCULINO;35;3;1;KR 86  - CL 15 A  02;-74.139;4.657;8;;;2019;5;2;121
A1654;12214;27/04/2022;1;2;CONDUCTOR;ILESO;MASCULINO;54;3;1;CL 64  S- KR 20 C  02;-74.146;4.564;19;;;1976;5;3;112
A1655;12215;27/04/2022;0;1;CONDUCTOR;ILESO;MASCULINO;34;3;1;CL 64  S- KR 20 C  02;-74.146;4.564;19;;;2011;1;2;112
A1656;12216;27/04/2022;1;2;CONDUCTOR;;;;3;1;CL 134  - KR 21   02;-74.049;4.719;1;;;;0;0;157
A1657;12217;27/04/2022;0;1;CONDUCTOR;ILESO;MASCULINO;23;3;1;CL 134  - KR 21   02;-74.049;4.719;1;;;2017;1;3;157
A1658;12218;28/04/2022;1;2;MOTOCICLISTA;HERIDO;MASCULINO;33;2;1;KR 51  - DG 71 BIS  02;-74.076;4.666;12;1;;2014;10;3;112
A1659;12219;28/04/2022;0;1;CONDUCTOR;ILESO;MASCULINO;56;2;1;KR 51  - DG 71 BIS  02;-74.076;4.666;12;1;;2013;5;3;112
A1660;12220;25/04/2022;1;2;CONDUCTOR;ILESO;MASCULINO;25;3;1;KR 3  - CL 1   02;-74.078.846.258;458.246.031.700.003;17;;;2020;1;3;146
A1661;12221;25/04/2022;0;1;CONDUCTOR;ILESO;MASCULINO;45;3;1;KR 3  - CL 1   02;-74.078.846.258;458.246.031.700.003;17;;;2015;5;2;146
A1662;12222;26/04/2022;1;2;CONDUCTOR;ILESO;MASCULINO;36;3;1;KR 1  - CL 39 B  02;-74.058;4.626;3;;;2021;5;2;103
A1663;12223;26/04/2022;0;1;CONDUCTOR;ILESO;MASCULINO;55;3;1;KR 1  - CL 39 B  02;-74.058;4.626;3;;;2014;5;1;103
A1664;12224;29/04/2022;1;2;MOTOCICLISTA;HERIDO;MASCULINO;23;2;1;AV AVENIDA DE LAS AMERICAS - KR 72   02;-74.138;4.631;8;2;;2019;10;3;103
A1665;12225;29/04/2022;2;2;ACOMPANANTE;HERIDO;MASCULINO;21;2;1;AV AVENIDA DE LAS AMERICAS - KR 72   02;-74.138;4.631;8;2;;2019;10;3;103
A1666;12226;29/04/2022;0;1;MOTOCICLISTA;ILESO;MASCULINO;31;2;1;AV AVENIDA DE LAS AMERICAS - KR 72   02;-74.138;4.631;8;2;;2021;10;1;103
A1667;12227;17/12/2021;0;1;CONDUCTOR;ILESO;MASCULINO;42;2;4;TV 24  - CL 61 B  02;-7.407.319.271;464.776.792.700.002;13;3;;2014;2;2;119
A1668;12228;17/12/2021;1;1;PASAJERO;HERIDO;FEMENINO;81;2;4;TV 24  - CL 61 B  02;-7.407.319.271;464.776.792.700.002;13;3;;2014;2;2;119
A1669;12229;17/12/2021;2;1;PASAJERO;HERIDO;FEMENINO;53;2;4;TV 24  - CL 61 B  02;-7.407.319.271;464.776.792.700.002;13;3;;2014;2;2;119
A1670;12230;17/12/2021;3;1;PASAJERO;HERIDO;MASCULINO;7;2;4;TV 24  - CL 61 B  02;-7.407.319.271;464.776.792.700.002;13;3;;2014;2;2;119
A1671;12231;29/12/2021;0;1;MOTOCICLISTA;ILESO;MASCULINO;26;2;3;CL 51  S- KR 81 B  02;-74.173.581.504;46.203.845;8;1;;2017;10;1;157
A1672;12232;29/12/2021;1;1;ACOMPANANTE;HERIDO;FEMENINO;26;2;3;CL 51  S- KR 81 B  02;-74.173.581.504;46.203.845;8;1;;2017;10;1;157
A1673;12233;29/12/2021;1;2;CONDUCTOR;HERIDO;MASCULINO;19;2;1;CL 27 A  S- KR 7  E 02;-74.086.730.203;456.399.387.599.998;4;3;;2008;1;2;127
A1674;12234;29/12/2021;2;2;PASAJERO;HERIDO;FEMENINO;17;2;1;CL 27 A  S- KR 7  E 02;-74.086.730.203;456.399.387.599.998;4;3;;2008;1;2;127
A1675;12235;29/12/2021;0;1;CONDUCTOR;HERIDO;MASCULINO;40;2;1;CL 27 A  S- KR 7  E 02;-74.086.730.203;456.399.387.599.998;4;3;;2014;2;2;127
A1676;12236;30/12/2021;1;2;MOTOCICLISTA;HERIDO;MASCULINO;33;2;1;CL 13  - KR 58   02;-74.111.054.622;463.154.289.800.002;16;3;;2014;10;3;127
A1677;12237;30/12/2021;0;1;MOTOCICLISTA;HERIDO;MASCULINO;32;2;1;CL 13  - KR 58   02;-74.111.054.622;463.154.289.800.002;16;3;;2021;10;3;127
A1678;12238;30/12/2021;2;1;ACOMPANANTE;HERIDO;MASCULINO;25;2;1;CL 13  - KR 58   02;-74.111.054.622;463.154.289.800.002;16;3;;2021;10;3;127
A1679;12239;30/12/2021;1;2;CICLISTA;HERIDO;MASCULINO;36;2;1;CL 26  S- KR 78 K  02;-74.150.177.184;462.775.602.200.003;8;1;;;13;0;142
A1680;12240;30/12/2021;1;2;CICLISTA;HERIDO;MASCULINO;36;2;1;CL 26  S- KR 78 K  02;-74.150.177.184;462.775.602.200.003;8;1;;;13;0;142
A1681;12241;30/12/2021;0;1;CONDUCTOR;ILESO;MASCULINO;40;2;1;CL 26  S- KR 78 K  02;-74.150.177.184;462.775.602.200.003;8;1;;2013;1;2;142
A1682;12242;30/12/2021;0;1;CONDUCTOR;ILESO;MASCULINO;40;2;1;CL 26  S- KR 78 K  02;-74.150.177.184;462.775.602.200.003;8;1;;2013;1;2;142
A1683;12243;29/12/2021;1;;PEATON;HERIDO;MASCULINO;46;2;2;AC 80  - KR 116 B  02;-74.123.726.242;472.433.584.999.999;10;2;;;;;409
A1684;12244;29/12/2021;0;1;MOTOCICLISTA;HERIDO;MASCULINO;16;2;2;AC 80  - KR 116 B  02;-74.123.726.242;472.433.584.999.999;10;2;;2017;10;3;409
A1685;12245;28/12/2021;1;2;CONDUCTOR;ILESO;MASCULINO;40;2;1;KR 4  - CL 66 BIS  02;-7.405.687.004;4.648.314.007;2;1;;2015;5;3;112
A1686;12246;28/12/2021;0;1;MOTOCICLISTA;HERIDO;MASCULINO;23;2;1;KR 4  - CL 66 BIS  02;-7.405.687.004;4.648.314.007;2;1;;2021;10;3;112
A1687;12247;31/12/2021;1;2;MOTOCICLISTA;HERIDO;MASCULINO;49;2;1;KR 81 H  - CL 49  S 02;-74.173.139.936;462.275.352.199.998;8;1;;2021;10;3;112
A1688;12248;31/12/2021;0;1;CONDUCTOR;ILESO;MASCULINO;26;2;1;KR 81 H  - CL 49  S 02;-74.173.139.936;462.275.352.199.998;8;1;;2020;5;2;112
A1689;12249;29/03/2022;1;2;CICLISTA;HERIDO;MASCULINO;59;2;1;CL 1 B  - KR 27   02;-74.102;4.597;14;1;;;13;0;103
A1690;12250;29/03/2022;0;1;CONDUCTOR;ILESO;MASCULINO;35;2;1;CL 1 B  - KR 27   02;-74.102;4.597;14;1;;2020;5;3;103
A1691;12251;16/03/2022;1;2;CONDUCTOR;ILESO;MASCULINO;78;3;1;CL 1 A  - TV 52   02;-74.119.118.445;461.025.787;16;;;2018;1;3;122
A1692;12252;16/03/2022;1;2;CONDUCTOR;ILESO;MASCULINO;78;3;1;CL 1 A  - TV 52   02;-74.119.118.445;461.025.787;16;;;2018;1;3;157
A1693;12253;16/03/2022;0;1;MOTOCICLISTA;ILESO;MASCULINO;20;3;1;CL 1 A  - TV 52   02;-74.119.118.445;461.025.787;16;;;2015;10;3;122
A1694;12254;16/03/2022;0;1;MOTOCICLISTA;ILESO;MASCULINO;20;3;1;CL 1 A  - TV 52   02;-74.119.118.445;461.025.787;16;;;2015;10;3;157
A1695;12255;21/03/2022;0;1;MOTOCICLISTA;ILESO;MASCULINO;22;2;1;AV AVENIDA CARACAS - CL 73 D BIS  02;-74.115;4.517;5;1;;2017;10;3;133
A1696;12256;21/03/2022;1;1;ACOMPANANTE;HERIDO;FEMENINO;24;2;1;AV AVENIDA CARACAS - CL 73 D BIS  02;-74.115;4.517;5;1;;2017;10;3;133
A1697;12257;21/03/2022;1;2;CONDUCTOR;ILESO;MASCULINO;30;3;1;KR 78 L  - CL 68 A  S 02;-74.189;4.604;7;;;2007;1;3;121
A1698;12258;21/03/2022;0;1;CONDUCTOR;ILESO;MASCULINO;38;3;1;KR 78 L  - CL 68 A  S 02;-74.189;4.604;7;;;2014;1;2;121
A1699;12259;22/03/2022;1;2;CONDUCTOR;ILESO;MASCULINO;34;3;1;CL 93 A  - KR 11 A  02;-74.047;4.676;2;;;2014;1;3;121
A1700;12260;22/03/2022;0;1;CONDUCTOR;ILESO;MASCULINO;33;3;1;CL 93 A  - KR 11 A  02;-74.047;4.676;2;;;2012;5;2;121
A1701;12261;22/03/2022;0;1;CONDUCTOR;ILESO;MASCULINO;30;2;4;KR 67  - CL 57 V  S 02;-74.158;4.595;19;1;;2014;2;2;157
A1702;12262;22/03/2022;1;1;PASAJERO;HERIDO;MASCULINO;18;2;4;KR 67  - CL 57 V  S 02;-74.158;4.595;19;1;;2014;2;2;157
A1703;12263;22/03/2022;1;2;CONDUCTOR;ILESO;MASCULINO;31;3;1;CL 72  - KR 72 A  02;-74.096;4.688;10;;;2010;2;2;121
A1704;12264;22/03/2022;0;1;CONDUCTOR;ILESO;MASCULINO;60;3;1;CL 72  - KR 72 A  02;-74.096;4.688;10;;;2014;5;3;121