FORMULARIO;CODIGO_ACCIDENTE;FECHA;CODIGO_VICTIMA;CODIGO_VEHICULO;TIPO_ACTOR;ESTADO;GENERO;EDAD;GRAVEDAD;CLASE_SINIESTRO;DIRECCION;LONGITUD;LATITUD;CODIGO_LOCALIDAD;TOTAL_HERIDOS;TOTAL_MUERTOS;MOD_VEHICULO;CLASE_VEHICULO;SERVICIO_VEHICULO;CODIGO_CAUSA
A1705;12265;23/03/2022;1;2;MOTOCICLISTA;HERIDO;FEMENINO;30;2;1;CL 69 A  - KR 74 A  02;-74.1;4.686;10;1;;2019;10;3;112
A1706;12266;23/03/2022;0;1;CONDUCTOR;ILESO;FEMENINO;41;2;1;CL 69 A  - KR 74 A  02;-74.1;4.686;10;1;;2014;6;3;112
A1707;12267;1/04/2022;1;2;MOTOCICLISTA;HERIDO;MASCULINO;34;2;1;KR 91  - CL 127   02;-74.091;4.718;11;2;;2015;10;3;104
A1708;12268;1/04/2022;1;2;MOTOCICLISTA;HERIDO;MASCULINO;34;2;1;KR 91  - CL 127   02;-74.091;4.718;11;2;;2015;10;3;139
A1709;12269;1/04/2022;0;1;MOTOCICLISTA;ILESO;MASCULINO;31;2;1;KR 91  - CL 127   02;-74.091;4.718;11;2;;2018;10;3;104
A1710;12270;1/04/2022;2;1;ACOMPANANTE;HERIDO;FEMENINO;34;2;1;KR 91  - CL 127   02;-74.091;4.718;11;2;;2018;10;3;104
A1711;12271;1/04/2022;0;1;MOTOCICLISTA;ILESO;MASCULINO;31;2;1;KR 91  - CL 127   02;-74.091;4.718;11;2;;2018;10;3;139
A1712;12272;1/04/2022;2;1;ACOMPANANTE;HERIDO;FEMENINO;34;2;1;KR 91  - CL 127   02;-74.091;4.718;11;2;;2018;10;3;139
A1713;12273;1/04/2022;0;1;CONDUCTOR;ILESO;MASCULINO;29;2;4;KR 7  - CL 103   02;-74.037;4.682;1;1;;2015;2;2;119
A1714;12274;1/04/2022;1;1;PASAJERO;HERIDO;FEMENINO;31;2;4;KR 7  - CL 103   02;-74.037;4.682;1;1;;2015;2;2;119
A1715;12275;1/04/2022;0;1;CONDUCTOR;ILESO;MASCULINO;29;2;4;KR 7  - CL 103   02;-74.037;4.682;1;1;;2015;2;2;506
A1716;12276;1/04/2022;1;1;PASAJERO;HERIDO;FEMENINO;31;2;4;KR 7  - CL 103   02;-74.037;4.682;1;1;;2015;2;2;506
A1717;12277;2/04/2022;1;2;MOTOCICLISTA;HERIDO;MASCULINO;34;2;1;CL 24  - KR 95 A  02;-74.129;4.676;9;3;;2008;10;3;121
A1718;12278;2/04/2022;2;2;ACOMPANANTE;HERIDO;FEMENINO;32;2;1;CL 24  - KR 95 A  02;-74.129;4.676;9;3;;2008;10;3;121
A1719;12279;2/04/2022;0;1;MOTOCICLISTA;HERIDO;FEMENINO;25;2;1;CL 24  - KR 95 A  02;-74.129;4.676;9;3;;2011;10;3;121
A1720;12280;2/04/2022;1;;PEATON;HERIDO;FEMENINO;68;2;2;KR 92  - CL 87 b  02;-74.1;4.712;10;2;;;;;157
A1721;12281;2/04/2022;0;1;CICLISTA;HERIDO;MASCULINO;28;2;2;KR 92  - CL 87 b  02;-74.1;4.712;10;2;;;13;0;157
A1722;12282;2/04/2022;1;2;CICLISTA;HERIDO;FEMENINO;27;2;1;AV AVENIDA TRANSVERSAL DE SUBA - KR 88   02;-74.083;4.737;11;1;;;13;0;103
A1723;12283;2/04/2022;0;1;CONDUCTOR;ILESO;MASCULINO;34;2;1;AV AVENIDA TRANSVERSAL DE SUBA - KR 88   02;-74.083;4.737;11;1;;2021;2;2;103
A1724;12284;3/04/2022;1;2;CICLISTA;HERIDO;MASCULINO;36;2;1;CL 17  - AV AVENIDA BOYACA  02;-74.127;4.649;9;2;;;13;0;121
A1725;12285;3/04/2022;0;1;CONDUCTOR;HERIDO;MASCULINO;23;2;1;CL 17  - AV AVENIDA BOYACA  02;-74.127;4.649;9;2;;2016;1;3;121
A1726;12286;3/04/2022;1;2;CONDUCTOR;ILESO;MASCULINO;47;3;1;DG 47  - TV 77   02;-74.113;4.674;10;;;2000;1;3;115
A1727;12287;3/04/2022;0;1;CONDUCTOR;ILESO;MASCULINO;64;3;1;DG 47  - TV 77   02;-74.113;4.674;10;;;2006;1;3;115
A1728;12288;1/04/2022;1;2;CONDUCTOR;ILESO;MASCULINO;25;3;1;DG 31 C  S- KR 4  E 02;-74.091;4.559;4;;;2015;1;2;103
A1729;12289;1/04/2022;1;2;CONDUCTOR;ILESO;MASCULINO;25;3;1;DG 31 C  S- KR 4  E 02;-74.091;4.559;4;;;2015;1;2;112
A1730;12290;1/04/2022;1;2;CONDUCTOR;ILESO;MASCULINO;25;3;1;DG 31 C  S- KR 4  E 02;-74.091;4.559;4;;;2015;1;2;141
A1731;12291;1/04/2022;1;2;CONDUCTOR;ILESO;MASCULINO;25;3;1;DG 31 C  S- KR 4  E 02;-74.091;4.559;4;;;2015;1;2;143
A1732;12292;1/04/2022;0;1;CONDUCTOR;ILESO;MASCULINO;24;3;1;DG 31 C  S- KR 4  E 02;-74.091;4.559;4;;;2011;1;3;103
A1733;12293;1/04/2022;0;1;CONDUCTOR;ILESO;MASCULINO;24;3;1;DG 31 C  S- KR 4  E 02;-74.091;4.559;4;;;2011;1;3;112
A1734;12294;1/04/2022;0;1;CONDUCTOR;ILESO;MASCULINO;24;3;1;DG 31 C  S- KR 4  E 02;-74.091;4.559;4;;;2011;1;3;141
A1735;12295;1/04/2022;0;1;CONDUCTOR;ILESO;MASCULINO;24;3;1;DG 31 C  S- KR 4  E 02;-74.091;4.559;4;;;2011;1;3;143
A1736;12296;2/04/2022;1;2;CONDUCTOR;ILESO;MASCULINO;41;3;1;CL 71 A BIS - KR 98   02;-74.116;4.701;10;;;2012;4;2;134
A1737;12297;2/04/2022;1;2;CONDUCTOR;ILESO;MASCULINO;41;3;1;CL 71 A BIS - KR 98   02;-74.116;4.701;10;;;2012;4;2;141
A1738;12298;2/04/2022;0;1;CONDUCTOR;ILESO;MASCULINO;23;3;1;CL 71 A BIS - KR 98   02;-74.116;4.701;10;;;2021;5;2;134
A1739;12299;2/04/2022;0;1;CONDUCTOR;ILESO;MASCULINO;23;3;1;CL 71 A BIS - KR 98   02;-74.116;4.701;10;;;2021;5;2;141
A1740;12300;3/04/2022;1;2;CONDUCTOR;ILESO;MASCULINO;43;3;1;AU NORTE - CL 94   02;-74.058;4.682;2;;;2015;1;3;121
A1741;12301;3/04/2022;0;1;CONDUCTOR;ILESO;MASCULINO;25;3;1;AU NORTE - CL 94   02;-74.058;4.682;2;;;2011;1;3;121
A1742;12302;3/04/2022;1;2;CONDUCTOR;ILESO;MASCULINO;36;3;1;CL 72  - KR 98   02;-74.115;4.703;10;;;2019;1;3;157
A1743;12303;3/04/2022;0;1;CONDUCTOR;ILESO;MASCULINO;21;3;1;CL 72  - KR 98   02;-74.115;4.703;10;;;2021;5;2;157
A1744;12304;2/04/2022;1;2;CONDUCTOR;ILESO;MASCULINO;32;3;1;CL 63  - KR 27 B  02;-74.076;4.652;13;;;2020;1;3;157
A1745;12305;2/04/2022;1;2;CONDUCTOR;ILESO;MASCULINO;32;3;1;CL 63  - KR 27 B  02;-74.076;4.652;13;;;2020;1;3;157
A1746;12306;2/04/2022;0;1;CONDUCTOR;ILESO;MASCULINO;38;3;1;CL 63  - KR 27 B  02;-74.076;4.652;13;;;2019;1;3;157
A1747;12307;2/04/2022;0;1;CONDUCTOR;ILESO;MASCULINO;38;3;1;CL 63  - KR 27 B  02;-74.076;4.652;13;;;2019;1;3;157
A1748;12308;2/04/2022;1;2;CONDUCTOR;;;;3;1;AK 30  - CL 71 A  02;-74.074;4.666;12;;;2013;1;3;139
A1749;12309;2/04/2022;0;1;CONDUCTOR;ILESO;MASCULINO;37;3;1;AK 30  - CL 71 A  02;-74.074;4.666;12;;;2014;1;3;139
A1750;12310;2/04/2022;1;2;CONDUCTOR;ILESO;MASCULINO;53;3;1;CL 17  - KR 114   02;-74.155;4.681;9;;;2020;2;2;103
A1751;12311;2/04/2022;0;1;CONDUCTOR;ILESO;MASCULINO;49;3;1;CL 17  - KR 114   02;-74.155;4.681;9;;;2014;1;3;103
A1752;12312;3/04/2022;1;2;CONDUCTOR;ILESO;MASCULINO;20;3;1;AU NORTE - CL 197   02;-74.042;4.775;1;;;2010;2;2;121
A1753;12313;3/04/2022;0;1;CONDUCTOR;ILESO;MASCULINO;42;3;1;AU NORTE - CL 197   02;-74.042;4.775;1;;;2020;5;3;121
A1754;12314;3/04/2022;1;2;CONDUCTOR;ILESO;MASCULINO;31;3;1;KR 19  - CL 6   02;-74.089;4.6;14;;;2009;9;2;103
A1755;12315;3/04/2022;0;1;CONDUCTOR;ILESO;MASCULINO;38;3;1;KR 19  - CL 6   02;-74.089;4.6;14;;;2013;1;3;103
A1756;12316;3/04/2022;1;2;CONDUCTOR;ILESO;MASCULINO;28;3;1;CL 17  - KR 116   02;-74.156;4.683;9;;;2021;2;2;157
A1757;12317;3/04/2022;1;2;CONDUCTOR;ILESO;MASCULINO;28;3;1;CL 17  - KR 116   02;-74.156;4.683;9;;;2021;2;2;157
A1758;12318;3/04/2022;0;1;CONDUCTOR;ILESO;MASCULINO;55;3;1;CL 17  - KR 116   02;-74.156;4.683;9;;;2005;1;3;157
A1759;12319;3/04/2022;0;1;CONDUCTOR;ILESO;MASCULINO;55;3;1;CL 17  - KR 116   02;-74.156;4.683;9;;;2005;1;3;157
A1760;12320;2/04/2022;1;2;CONDUCTOR;ILESO;MASCULINO;74;3;1;AV AVENIDA TRANSVERSAL DE SUBA - CL 95   02;-74.088;4.74;12;;;2014;5;3;121
A1761;12321;2/04/2022;0;1;CONDUCTOR;ILESO;MASCULINO;42;3;1;AV AVENIDA TRANSVERSAL DE SUBA - CL 95   02;-74.088;4.74;12;;;2012;1;3;121
A1762;12322;2/04/2022;1;2;CONDUCTOR;ILESO;MASCULINO;37;3;1;CL 8  S- KR 32 D  02;-74.109.324.244;460.068.932.600.001;16;;;2015;2;2;103
A1763;12323;2/04/2022;0;1;CONDUCTOR;ILESO;MASCULINO;35;3;1;CL 8  S- KR 32 D  02;-74.109.324.244;460.068.932.600.001;16;;;2020;1;3;103
A1764;12324;3/04/2022;1;2;CONDUCTOR;ILESO;MASCULINO;27;3;1;CL 17  - KR 96 H  02;-74.147;4.666;9;;;2013;6;3;121
A1765;12325;3/04/2022;0;1;CONDUCTOR;ILESO;MASCULINO;22;3;1;CL 17  - KR 96 H  02;-74.147;4.666;9;;;2009;2;2;121
A1766;12326;1/04/2022;1;2;CONDUCTOR;ILESO;MASCULINO;20;3;1;KR 92  - CL 150   02;-74.085;4.745;11;;;2012;1;3;103
A1767;12327;1/04/2022;0;1;CONDUCTOR;ILESO;MASCULINO;26;3;1;KR 92  - CL 150   02;-74.085;4.745;11;;;2021;2;2;103
A1768;12328;3/04/2022;1;2;CONDUCTOR;ILESO;MASCULINO;55;3;1;KR 96 C  - CL 17   02;-74.142;4.668;9;;;2014;5;2;121
A1769;12329;3/04/2022;0;1;CONDUCTOR;ILESO;MASCULINO;37;3;1;KR 96 C  - CL 17   02;-74.142;4.668;9;;;2006;1;2;121
A1770;12330;2/04/2022;1;2;CONDUCTOR;ILESO;MASCULINO;29;3;1;CL 80  - KR 119   02;-74.125;4.726;10;;;2020;1;2;157
A1771;12331;2/04/2022;1;2;CONDUCTOR;ILESO;MASCULINO;29;3;1;CL 80  - KR 119   02;-74.125;4.726;10;;;2020;1;2;157
A1772;12332;2/04/2022;0;1;CONDUCTOR;ILESO;MASCULINO;48;3;1;CL 80  - KR 119   02;-74.125;4.726;10;;;1973;4;2;157
A1773;12333;2/04/2022;0;1;CONDUCTOR;ILESO;MASCULINO;48;3;1;CL 80  - KR 119   02;-74.125;4.726;10;;;1973;4;2;157
A1774;12334;3/04/2022;3;4;CONDUCTOR;ILESO;FEMENINO;20;3;1;CL 63  - KR 30   02;-74.078.569.655;465.230.074.599.998;13;;;2020;6;3;121
A1775;12335;3/04/2022;3;4;CONDUCTOR;ILESO;FEMENINO;20;3;1;CL 63  - KR 30   02;-74.078.569.655;465.230.074.599.998;13;;;2020;6;3;121
A1776;12336;3/04/2022;3;4;CONDUCTOR;ILESO;FEMENINO;20;3;1;CL 63  - KR 30   02;-74.078.569.655;465.230.074.599.998;13;;;2020;6;3;121
A1777;12337;3/04/2022;2;3;CONDUCTOR;ILESO;MASCULINO;33;3;1;CL 63  - KR 30   02;-74.078.569.655;465.230.074.599.998;13;;;2012;1;3;121
A1778;12338;3/04/2022;2;3;CONDUCTOR;ILESO;MASCULINO;33;3;1;CL 63  - KR 30   02;-74.078.569.655;465.230.074.599.998;13;;;2012;1;3;121
A1779;12339;3/04/2022;2;3;CONDUCTOR;ILESO;MASCULINO;33;3;1;CL 63  - KR 30   02;-74.078.569.655;465.230.074.599.998;13;;;2012;1;3;121
A1780;12340;3/04/2022;1;2;CONDUCTOR;ILESO;MASCULINO;41;3;1;CL 63  - KR 30   02;-74.078.569.655;465.230.074.599.998;13;;;2017;1;2;121
A1781;12341;3/04/2022;1;2;CONDUCTOR;ILESO;MASCULINO;41;3;1;CL 63  - KR 30   02;-74.078.569.655;465.230.074.599.998;13;;;2017;1;2;121
A1782;12342;3/04/2022;1;2;CONDUCTOR;ILESO;MASCULINO;41;3;1;CL 63  - KR 30   02;-74.078.569.655;465.230.074.599.998;13;;;2017;1;2;121
A1783;12343;3/04/2022;0;1;CONDUCTOR;ILESO;MASCULINO;37;3;1;CL 63  - KR 30   02;-74.078.569.655;465.230.074.599.998;13;;;1997;1;3;121
A1784;12344;3/04/2022;0;1;CONDUCTOR;ILESO;MASCULINO;37;3;1;CL 63  - KR 30   02;-74.078.569.655;465.230.074.599.998;13;;;1997;1;3;121
A1785;12345;3/04/2022;0;1;CONDUCTOR;ILESO;MASCULINO;37;3;1;CL 63  - KR 30   02;-74.078.569.655;465.230.074.599.998;13;;;1997;1;3;121
A1786;12346;2/04/2022;1;2;CONDUCTOR;ILESO;MASCULINO;47;3;1;CL 20  - KR 46   02;-74.103;4.627;16;;;2014;2;2;121
A1787;12347;2/04/2022;0;1;CONDUCTOR;ILESO;MASCULINO;32;3;1;CL 20  - KR 46   02;-74.103;4.627;16;;;2013;1;2;121
A1788;12348;2/04/2022;1;2;CONDUCTOR;ILESO;MASCULINO;24;3;1;CL 22  S- KR 27   02;-74.109;4.589;15;;;2002;3;2;115
A1789;12349;2/04/2022;1;2;CONDUCTOR;ILESO;MASCULINO;24;3;1;CL 22  S- KR 27   02;-74.109;4.589;15;;;2002;3;2;121
A1790;12350;2/04/2022;0;1;CONDUCTOR;ILESO;MASCULINO;36;3;1;CL 22  S- KR 27   02;-74.109;4.589;15;;;2019;1;3;115
A1791;12351;2/04/2022;0;1;CONDUCTOR;ILESO;MASCULINO;36;3;1;CL 22  S- KR 27   02;-74.109;4.589;15;;;2019;1;3;121
A1792;12352;2/04/2022;1;2;CONDUCTOR;ILESO;MASCULINO;48;3;1;CL 9  - KR 38   02;-74.094;4.626;14;;;2020;1;3;157
A1793;12353;2/04/2022;0;1;CONDUCTOR;ILESO;FEMENINO;28;3;1;CL 9  - KR 38   02;-74.094;4.626;14;;;2007;6;3;157
A1794;12354;3/04/2022;0;1;CONDUCTOR;ILESO;MASCULINO;32;3;1;KR 68  - CL 3  S 02;-74.126;4.62;16;;;2002;1;3;157
A1795;12355;2/04/2022;1;2;CONDUCTOR;ILESO;MASCULINO;43;3;1;KR 5  - CL 22   02;-74.069;4.607;3;;;2015;1;3;157
A1796;12356;2/04/2022;0;1;CONDUCTOR;ILESO;MASCULINO;55;3;1;KR 5  - CL 22   02;-74.069;4.607;3;;;2021;5;2;157
A1797;12357;3/04/2022;1;2;CONDUCTOR;ILESO;MASCULINO;41;3;1;CL 83 A  - KR 113   02;-74.116;4.724;10;;;1998;1;3;103
A1798;12358;3/04/2022;0;1;CONDUCTOR;ILESO;MASCULINO;44;3;1;CL 83 A  - KR 113   02;-74.116;4.724;10;;;2010;1;3;103
A1799;12359;3/04/2022;1;2;CONDUCTOR;ILESO;MASCULINO;50;3;1;KR 22 B  - CL 62  S 02;-74.151;4.572;19;;;2016;4;2;157
A1800;12360;3/04/2022;0;1;CONDUCTOR;ILESO;MASCULINO;37;3;1;KR 22 B  - CL 62  S 02;-74.151;4.572;19;;;;1;3;157
A1801;12361;31/03/2022;1;2;CONDUCTOR;ILESO;MASCULINO;22;3;1;KR 13 B  - CL 39  S 02;-74.084;4.549;4;;;2020;1;2;121
A1802;12362;31/03/2022;0;1;CONDUCTOR;ILESO;MASCULINO;20;3;1;KR 13 B  - CL 39  S 02;-74.084;4.549;4;;;2010;1;3;121
A1803;12363;3/04/2022;1;2;CONDUCTOR;ILESO;MASCULINO;19;3;1;KR 12 B  - CL 52  S 02;-74.125.161.154;4.561.096.367;6;;;2005;1;3;112
A1804;12364;3/04/2022;0;1;CONDUCTOR;ILESO;MASCULINO;52;3;1;KR 12 B  - CL 52  S 02;-74.125.161.154;4.561.096.367;6;;;2012;1;2;112
A1805;12365;2/04/2022;4;5;CONDUCTOR;ILESO;MASCULINO;48;3;1;CL 140  - KR 12 B  02;-74.038;4.72;1;;;2021;1;3;121
A1806;12366;2/04/2022;4;5;CONDUCTOR;ILESO;MASCULINO;48;3;1;CL 140  - KR 12 B  02;-74.038;4.72;1;;;2021;1;3;121
A1807;12367;2/04/2022;3;4;CONDUCTOR;ILESO;FEMENINO;58;3;1;CL 140  - KR 12 B  02;-74.038;4.72;1;;;2015;6;3;121
A1808;12368;2/04/2022;3;4;CONDUCTOR;ILESO;FEMENINO;58;3;1;CL 140  - KR 12 B  02;-74.038;4.72;1;;;2015;6;3;121
A1809;12369;2/04/2022;2;3;CONDUCTOR;ILESO;MASCULINO;74;3;1;CL 140  - KR 12 B  02;-74.038;4.72;1;;;2008;1;3;121
A1810;12370;2/04/2022;2;3;CONDUCTOR;ILESO;MASCULINO;74;3;1;CL 140  - KR 12 B  02;-74.038;4.72;1;;;2008;1;3;121
A1811;12371;2/04/2022;1;2;CONDUCTOR;ILESO;MASCULINO;19;3;1;CL 140  - KR 12 B  02;-74.038;4.72;1;;;2004;1;3;121
A1812;12372;2/04/2022;1;2;CONDUCTOR;ILESO;MASCULINO;19;3;1;CL 140  - KR 12 B  02;-74.038;4.72;1;;;2004;1;3;121
A1813;12373;2/04/2022;0;1;CONDUCTOR;ILESO;FEMENINO;69;3;1;CL 140  - KR 12 B  02;-74.038;4.72;1;;;2018;1;3;121
A1814;12374;2/04/2022;0;1;CONDUCTOR;ILESO;FEMENINO;69;3;1;CL 140  - KR 12 B  02;-74.038;4.72;1;;;2018;1;3;121
A1815;12375;1/04/2022;2;3;CONDUCTOR;ILESO;MASCULINO;45;3;1;KR 30  - CL 17  S 02;-74.09;4.616;15;;;1999;6;3;115
A1816;12376;1/04/2022;1;2;CONDUCTOR;ILESO;MASCULINO;55;3;1;KR 30  - CL 17  S 02;-74.09;4.616;15;;;2019;1;2;115
A1817;12377;1/04/2022;0;1;MOTOCICLISTA;ILESO;MASCULINO;31;3;1;KR 30  - CL 17  S 02;-74.09;4.616;15;;;2021;10;3;115
A1818;12378;18/03/2022;1;2;CONDUCTOR;ILESO;MASCULINO;85;2;1;KR 7  - CL 109   02;-74.035;4.688;1;1;;2016;6;3;142
A1819;12379;18/03/2022;1;2;CONDUCTOR;ILESO;MASCULINO;85;2;1;KR 7  - CL 109   02;-74.035;4.688;1;1;;2016;6;3;142
A1820;12380;18/03/2022;0;1;MOTOCICLISTA;HERIDO;FEMENINO;24;2;1;KR 7  - CL 109   02;-74.035;4.688;1;1;;2021;10;3;142
A1821;12381;18/03/2022;0;1;MOTOCICLISTA;HERIDO;FEMENINO;24;2;1;KR 7  - CL 109   02;-74.035;4.688;1;1;;2021;10;3;142
A1822;12382;2/04/2022;2;3;CONDUCTOR;ILESO;MASCULINO;47;3;1;KR 14  - CL 28   02;-74.072;4.617;3;;;2008;6;3;121
A1823;12383;2/04/2022;1;2;CONDUCTOR;ILESO;MASCULINO;47;3;1;KR 14  - CL 28   02;-74.072;4.617;3;;;2010;1;2;121
A1824;12384;2/04/2022;0;1;CONDUCTOR;ILESO;FEMENINO;24;3;1;KR 14  - CL 28   02;-74.072;4.617;3;;;2011;1;3;121
A1825;12385;25/08/2022;1;2;CONDUCTOR;ILESO;MASCULINO;48;3;1;KR 9  - CL 47   02;-7.406.524.536.793;463.399.615.621;2;;;2018;5;2;112
A1826;12386;25/08/2022;0;1;CONDUCTOR;ILESO;MASCULINO;53;3;1;KR 9  - CL 47   02;-7.406.524.536.793;463.399.615.621;2;;;2008;6;3;112
A1827;12387;26/08/2022;1;;PEATON;HERIDO;MASCULINO;5;2;2;KR 76  - CL 65 A  02;-7.410.395.769.064;468.285.427.287;10;2;;;;;157
A1828;12388;26/08/2022;2;;PEATON;HERIDO;FEMENINO;21;2;2;KR 76  - CL 65 A  02;-7.410.395.769.064;468.285.427.287;10;2;;;;;157
A1829;12389;26/08/2022;0;1;CONDUCTOR;ILESO;MASCULINO;58;2;2;KR 76  - CL 65 A  02;-7.410.395.769.064;468.285.427.287;10;2;;2012;5;4;157
A1830;12390;30/08/2022;1;2;CONDUCTOR;ILESO;MASCULINO;29;3;1;CL 19  - KR 12   02;-74.074.379.806;460.755.340.499.998;3;;;2021;2;2;145
A1831;12391;30/08/2022;0;1;CONDUCTOR;ILESO;MASCULINO;47;3;1;CL 19  - KR 12   02;-74.074.379.806;460.755.340.499.998;3;;;2020;5;3;145
A1832;12392;22/08/2022;1;2;CONDUCTOR;HERIDO;MASCULINO;26;2;1;CL 24  - KR 68 B  02;-74.109;4.653;9;2;;2021;2;2;103
A1833;12393;22/08/2022;0;1;CONDUCTOR;ILESO;MASCULINO;58;2;1;CL 24  - KR 68 B  02;-74.109;4.653;9;2;;2005;1;2;103
A1834;12394;22/08/2022;2;1;PASAJERO;HERIDO;FEMENINO;64;2;1;CL 24  - KR 68 B  02;-74.109;4.653;9;2;;2005;1;2;103
A1835;12395;22/08/2022;1;2;MOTOCICLISTA;HERIDO;FEMENINO;33;2;1;AV AVENIDA DE LAS AMERICAS - KR 80 G  02;-74.152;4.634;8;1;;2012;10;3;157
A1836;12396;22/08/2022;1;2;MOTOCICLISTA;HERIDO;FEMENINO;33;2;1;AV AVENIDA DE LAS AMERICAS - KR 80 G  02;-74.152;4.634;8;1;;2012;10;3;157
A1837;12397;22/08/2022;0;1;CONDUCTOR;ILESO;MASCULINO;49;2;1;AV AVENIDA DE LAS AMERICAS - KR 80 G  02;-74.152;4.634;8;1;;2020;1;3;157
A1838;12398;22/08/2022;0;1;CONDUCTOR;ILESO;MASCULINO;49;2;1;AV AVENIDA DE LAS AMERICAS - KR 80 G  02;-74.152;4.634;8;1;;2020;1;3;157
A1839;12399;22/08/2022;1;2;MOTOCICLISTA;HERIDO;MASCULINO;58;2;1;KR 50  - AV AVENIDA PRIMERO DE MAYO  02;-74.13;4.61;16;1;;2022;10;3;121
A1840;12400;22/08/2022;0;1;CONDUCTOR;ILESO;FEMENINO;53;2;1;KR 50  - AV AVENIDA PRIMERO DE MAYO  02;-74.13;4.61;16;1;;2010;1;3;121
A1841;12401;22/08/2022;1;2;CICLISTA;HERIDO;MASCULINO;28;2;1;KR 68  - CL 20   02;-74.107;4.627;16;1;;;13;0;103
A1842;12402;22/08/2022;0;1;CONDUCTOR;ILESO;MASCULINO;79;2;1;KR 68  - CL 20   02;-74.107;4.627;16;1;;2021;2;2;103
A1843;12403;24/08/2022;1;2;CONDUCTOR;ILESO;MASCULINO;40;3;1;CL 85  - KR 14   02;-7.405.445.752.327;466.958.410.715;2;;;2010;6;3;103
A1844;12404;24/08/2022;1;2;CONDUCTOR;ILESO;MASCULINO;40;3;1;CL 85  - KR 14   02;-7.405.445.752.327;466.958.410.715;2;;;2010;6;3;121
A1845;12405;24/08/2022;0;1;CONDUCTOR;ILESO;MASCULINO;51;3;1;CL 85  - KR 14   02;-7.405.445.752.327;466.958.410.715;2;;;2020;5;2;103
A1846;12406;24/08/2022;0;1;CONDUCTOR;ILESO;MASCULINO;51;3;1;CL 85  - KR 14   02;-7.405.445.752.327;466.958.410.715;2;;;2020;5;2;121
A1847;12407;24/08/2022;1;2;CONDUCTOR;ILESO;;;3;1;KR 14  - CL 53   30;-74.066.055.627;464.066.808.000.001;2;;;;1;0;157
A1848;12408;24/08/2022;0;1;CONDUCTOR;ILESO;MASCULINO;45;3;1;KR 14  - CL 53   30;-74.066.055.627;464.066.808.000.001;2;;;2019;9;2;157
A1849;12409;25/08/2022;1;2;CONDUCTOR;ILESO;MASCULINO;42;3;1;CL 24  - KR 30   02;-740.826.716.799;462.456.953.977;14;;;2014;2;2;103
A1850;12410;25/08/2022;0;1;CONDUCTOR;ILESO;MASCULINO;62;3;1;CL 24  - KR 30   02;-740.826.716.799;462.456.953.977;14;;;2016;5;3;103
A1851;12411;25/08/2022;2;;PEATON;HERIDO;MASCULINO;57;2;1;KR 14  - CL 84  S 02;-741.140.320.677;450.790.552.695;5;2;;;;;115
A1852;12412;25/08/2022;3;;PEATON;HERIDO;MASCULINO;51;2;1;KR 14  - CL 84  S 02;-741.140.320.677;450.790.552.695;5;2;;;;;115
A1853;12413;25/08/2022;1;2;CONDUCTOR;ILESO;;;2;1;KR 14  - CL 84  S 02;-741.140.320.677;450.790.552.695;5;2;;2013;1;2;115
A1854;12414;25/08/2022;0;1;CONDUCTOR;ILESO;MASCULINO;31;2;1;KR 14  - CL 84  S 02;-741.140.320.677;450.790.552.695;5;2;;2011;1;3;115
A1855;12415;25/08/2022;1;2;CONDUCTOR;ILESO;MASCULINO;45;3;1;CL 17  - KR 96   02;-7.414.023.724.978;466.490.045.927;9;;;2021;1;3;121
A1856;12416;25/08/2022;0;1;CONDUCTOR;ILESO;MASCULINO;46;3;1;CL 17  - KR 96   02;-7.414.023.724.978;466.490.045.927;9;;;2013;5;3;121
A1857;12417;25/08/2022;1;2;MOTOCICLISTA;HERIDO;MASCULINO;27;2;1;KR 90  - CL 146 B  02;-7.408.364.800.398;473.977.090.233;11;2;;2017;10;3;127
A1858;12418;25/08/2022;0;1;CICLISTA;HERIDO;MASCULINO;43;2;1;KR 90  - CL 146 B  02;-7.408.364.800.398;473.977.090.233;11;2;;;13;0;127
A1859;12419;8/08/2022;0;1;MOTOCICLISTA;MUERTO;MASCULINO;34;1;1;KR 14 L L - CL 77  S 87;-74.119.875.732;451.110.600.700.002;5;1;1;2019;10;3;157
A1860;12420;8/08/2022;1;1;ACOMPANANTE;HERIDO;MASCULINO;23;1;1;KR 14 L L - CL 77  S 87;-74.119.875.732;451.110.600.700.002;5;1;1;2019;10;3;157
A1861;12421;25/08/2022;1;2;CICLISTA;HERIDO;FEMENINO;54;2;1;CL 13  - KR 18   02;-7.408.354.071.562;460.668.910.152;14;1;;;13;0;157
A1862;12422;25/08/2022;1;2;CICLISTA;HERIDO;FEMENINO;54;2;1;CL 13  - KR 18   02;-7.408.354.071.562;460.668.910.152;14;1;;;13;0;157
A1863;12423;25/08/2022;0;1;CONDUCTOR;ILESO;MASCULINO;20;2;1;CL 13  - KR 18   02;-7.408.354.071.562;460.668.910.152;14;1;;1974;4;2;157
A1864;12424;25/08/2022;0;1;CONDUCTOR;ILESO;MASCULINO;20;2;1;CL 13  - KR 18   02;-7.408.354.071.562;460.668.910.152;14;1;;1974;4;2;157
A1865;12425;25/08/2022;2;3;MOTOCICLISTA;HERIDO;FEMENINO;27;2;1;KR 17 A A - CL 75  S 61;-7.413.810.025.484;454.236.148.946;19;3;;2015;10;3;127
A1866;12426;25/08/2022;3;3;ACOMPANANTE;HERIDO;FEMENINO;27;2;1;KR 17 A A - CL 75  S 61;-7.413.810.025.484;454.236.148.946;19;3;;2015;10;3;127