FORMULARIO;CODIGO_ACCIDENTE;FECHA;CODIGO_VICTIMA;CODIGO_VEHICULO;TIPO_ACTOR;ESTADO;GENERO;EDAD;GRAVEDAD;CLASE_SINIESTRO;DIRECCION;LONGITUD;LATITUD;CODIGO_LOCALIDAD;TOTAL_HERIDOS;TOTAL_MUERTOS;MOD_VEHICULO;CLASE_VEHICULO;SERVICIO_VEHICULO;CODIGO_CAUSA
A1867;12427;25/08/2022;1;2;CONDUCTOR;HERIDO;MASCULINO;48;2;1;KR 17 A A - CL 75  S 61;-7.413.810.025.484;454.236.148.946;19;3;;1997;1;3;127
A1868;12428;25/08/2022;0;1;CONDUCTOR;ILESO;MASCULINO;51;2;1;KR 17 A A - CL 75  S 61;-7.413.810.025.484;454.236.148.946;19;3;;2013;1;2;127
A1869;12429;26/08/2022;1;2;CONDUCTOR;HERIDO;MASCULINO;44;2;1;CL 127  - KR 15   3;-74.043.237.474;470.395.299.799.998;1;1;;2015;1;3;121
A1870;12430;26/08/2022;0;1;CONDUCTOR;ILESO;MASCULINO;38;2;1;CL 127  - KR 15   3;-74.043.237.474;470.395.299.799.998;1;1;;2010;3;2;121
A1871;12431;26/08/2022;1;2;CICLISTA;HERIDO;FEMENINO;44;2;1;CL 138  - KR 151 BIS A 02;-7.412.241.665.308;474.587.609.091;11;1;;;13;0;103
A1872;12432;26/08/2022;1;2;CICLISTA;HERIDO;FEMENINO;44;2;1;CL 138  - KR 151 BIS A 02;-7.412.241.665.308;474.587.609.091;11;1;;;13;0;157
A1873;12433;26/08/2022;0;1;CONDUCTOR;ILESO;MASCULINO;53;2;1;CL 138  - KR 151 BIS A 02;-7.412.241.665.308;474.587.609.091;11;1;;2014;2;2;103
A1874;12434;26/08/2022;0;1;CONDUCTOR;ILESO;MASCULINO;53;2;1;CL 138  - KR 151 BIS A 02;-7.412.241.665.308;474.587.609.091;11;1;;2014;2;2;157
A1875;12435;26/08/2022;1;2;CONDUCTOR;ILESO;MASCULINO;25;3;1;AV AVENIDA BOYACA - CL 12 A  02;-7.413.060.007.279;464.561.750.945;8;;;2019;1;2;103
A1876;12436;26/08/2022;0;1;CONDUCTOR;ILESO;MASCULINO;28;3;1;AV AVENIDA BOYACA - CL 12 A  02;-7.413.060.007.279;464.561.750.945;8;;;2014;2;2;103
A1877;12437;25/08/2022;1;2;MOTOCICLISTA;HERIDO;MASCULINO;26;2;1;KR 77 J  - CL 65 I  S 02;-741.859.828.048;45.981.874.279;7;1;;2012;10;3;102
A1878;12438;25/08/2022;0;1;CONDUCTOR;ILESO;MASCULINO;67;2;1;KR 77 J  - CL 65 I  S 02;-741.859.828.048;45.981.874.279;7;1;;2011;1;3;102
A1879;12439;26/08/2022;1;2;MOTOCICLISTA;HERIDO;MASCULINO;20;2;1;AK 68  - CL 24 BIS  02;-7.410.594.252.531;465.007.939.522;13;1;;2014;10;3;121
A1880;12440;26/08/2022;0;1;CONDUCTOR;ILESO;MASCULINO;33;2;1;AK 68  - CL 24 BIS  02;-7.410.594.252.531;465.007.939.522;13;1;;2021;2;2;121
A1881;12441;25/08/2022;0;1;CONDUCTOR;ILESO;;;2;4;KR 100  - CL 50 B  02;-7.418.752.043.341;46.438.592.315;7;1;;;1;0;119
A1882;12442;25/08/2022;1;1;PASAJERO;HERIDO;FEMENINO;1;2;4;KR 100  - CL 50 B  02;-7.418.752.043.341;46.438.592.315;7;1;;;1;0;119
A1883;12443;25/08/2022;1;2;MOTOCICLISTA;HERIDO;MASCULINO;55;2;1;AV AVENIDA DE LAS AMERICAS - KR 80 G  02;-741.535.141.844;463.568.576.903;8;3;;2022;10;3;142
A1884;12444;25/08/2022;1;2;MOTOCICLISTA;HERIDO;MASCULINO;55;2;1;AV AVENIDA DE LAS AMERICAS - KR 80 G  02;-741.535.141.844;463.568.576.903;8;3;;2022;10;3;142
A1885;12445;25/08/2022;0;1;MOTOCICLISTA;HERIDO;MASCULINO;27;2;1;AV AVENIDA DE LAS AMERICAS - KR 80 G  02;-741.535.141.844;463.568.576.903;8;3;;2020;10;3;142
A1886;12446;25/08/2022;2;1;ACOMPANANTE;HERIDO;MASCULINO;21;2;1;AV AVENIDA DE LAS AMERICAS - KR 80 G  02;-741.535.141.844;463.568.576.903;8;3;;2020;10;3;142
A1887;12447;25/08/2022;0;1;MOTOCICLISTA;HERIDO;MASCULINO;27;2;1;AV AVENIDA DE LAS AMERICAS - KR 80 G  02;-741.535.141.844;463.568.576.903;8;3;;2020;10;3;142
A1888;12448;25/08/2022;2;1;ACOMPANANTE;HERIDO;MASCULINO;21;2;1;AV AVENIDA DE LAS AMERICAS - KR 80 G  02;-741.535.141.844;463.568.576.903;8;3;;2020;10;3;142
A1889;12449;28/08/2022;1;2;CICLISTA;HERIDO;FEMENINO;21;2;1;CL 59  S- KR 82   02;-7.418.430.125.003;461.532.860.696;7;1;;;13;0;157
A1890;12450;28/08/2022;1;2;CICLISTA;HERIDO;FEMENINO;21;2;1;CL 59  S- KR 82   02;-7.418.430.125.003;461.532.860.696;7;1;;;13;0;157
A1891;12451;28/08/2022;0;1;CONDUCTOR;ILESO;MASCULINO;26;2;1;CL 59  S- KR 82   02;-7.418.430.125.003;461.532.860.696;7;1;;2012;1;2;157
A1892;12452;28/08/2022;0;1;CONDUCTOR;ILESO;MASCULINO;26;2;1;CL 59  S- KR 82   02;-7.418.430.125.003;461.532.860.696;7;1;;2012;1;2;157
A1893;12453;27/08/2022;0;1;MOTOCICLISTA;HERIDO;MASCULINO;25;2;3;CL 64  - KR 10   02;-7.406.176.456.518;464.986.891.636;2;1;;2014;10;3;306
A1894;12454;28/08/2022;1;2;CICLISTA;HERIDO;FEMENINO;24;2;1;CL 153  - KR 103 B  02;-7.409.102.944.319;475.393.250.491;11;2;;;13;0;122
A1895;12455;28/08/2022;0;1;CONDUCTOR;HERIDO;MASCULINO;68;2;1;CL 153  - KR 103 B  02;-7.409.102.944.319;475.393.250.491;11;2;;2014;1;3;122
A1896;12456;28/08/2022;1;2;MOTOCICLISTA;HERIDO;MASCULINO;19;2;1;CL 68 B B S- KR 57   02;-7.415.028;4.589.722;6;2;;2022;10;3;122
A1897;12457;28/08/2022;2;2;ACOMPANANTE;HERIDO;FEMENINO;19;2;1;CL 68 B B S- KR 57   02;-7.415.028;4.589.722;6;2;;2022;10;3;122
A1898;12458;28/08/2022;1;2;MOTOCICLISTA;HERIDO;MASCULINO;19;2;1;CL 68 B B S- KR 57   02;-7.415.028;4.589.722;6;2;;2022;10;3;139
A1899;12459;28/08/2022;2;2;ACOMPANANTE;HERIDO;FEMENINO;19;2;1;CL 68 B B S- KR 57   02;-7.415.028;4.589.722;6;2;;2022;10;3;139
A1900;12460;28/08/2022;0;1;CONDUCTOR;ILESO;MASCULINO;36;2;1;CL 68 B B S- KR 57   02;-7.415.028;4.589.722;6;2;;2014;2;2;122
A1901;12461;28/08/2022;0;1;CONDUCTOR;ILESO;MASCULINO;36;2;1;CL 68 B B S- KR 57   02;-7.415.028;4.589.722;6;2;;2014;2;2;139
A1902;12462;28/08/2022;1;2;MOTOCICLISTA;HERIDO;MASCULINO;20;2;1;CL 37  S- KR 52   02;-7.412.921.873.514;460.212.802.055;16;1;;2014;10;3;112
A1903;12463;28/08/2022;1;2;MOTOCICLISTA;HERIDO;MASCULINO;20;2;1;CL 37  S- KR 52   02;-7.412.921.873.514;460.212.802.055;16;1;;2014;10;3;157
A1904;12464;28/08/2022;0;1;CONDUCTOR;ILESO;MASCULINO;28;2;1;CL 37  S- KR 52   02;-7.412.921.873.514;460.212.802.055;16;1;;2020;5;3;112
A1905;12465;28/08/2022;0;1;CONDUCTOR;ILESO;MASCULINO;28;2;1;CL 37  S- KR 52   02;-7.412.921.873.514;460.212.802.055;16;1;;2020;5;3;157
A1906;12466;29/08/2022;1;2;CONDUCTOR;ILESO;MASCULINO;23;3;1;KR 14  - CL 140  S 02;-741.683.064.222;43.869.241.508;5;;;2013;7;2;157
A1907;12467;29/08/2022;0;1;CONDUCTOR;ILESO;MASCULINO;36;3;1;KR 14  - CL 140  S 02;-741.683.064.222;43.869.241.508;5;;;2020;9;2;157
A1908;12468;29/08/2022;1;2;CONDUCTOR;ILESO;MASCULINO;50;3;1;KR 14  - CL 15   02;-7.408.002.154.383;460.491.997.889;3;;;2014;6;3;121
A1909;12469;29/08/2022;0;1;CONDUCTOR;ILESO;MASCULINO;42;3;1;KR 14  - CL 15   02;-7.408.002.154.383;460.491.997.889;3;;;2013;1;2;121
A1910;12470;25/08/2022;1;2;CONDUCTOR;ILESO;FEMENINO;39;3;1;CL 127  - KR 71   02;-7.407.640.816.207;471.045.559.383;11;;;2022;5;3;103
A1911;12471;25/08/2022;0;1;CONDUCTOR;ILESO;MASCULINO;33;3;1;CL 127  - KR 71   02;-7.407.640.816.207;471.045.559.383;11;;;2014;2;2;103
A1912;12472;29/08/2022;1;;PEATON;HERIDO;MASCULINO;12;2;2;CL 38  S- KR 86 A  9;-7.416.341.465;463.489.732.400.001;8;1;;;;;157
A1913;12473;29/08/2022;0;1;CONDUCTOR;ILESO;MASCULINO;56;2;2;CL 38  S- KR 86 A  9;-7.416.341.465;463.489.732.400.001;8;1;;2012;2;2;157
A1914;12474;31/08/2022;1;2;CONDUCTOR;ILESO;MASCULINO;54;3;1;CL 114  - KR 45   02;-74.055;4.698;1;;;2013;5;2;143
A1915;12475;31/08/2022;0;1;CONDUCTOR;ILESO;MASCULINO;46;3;1;CL 114  - KR 45   02;-74.055;4.698;1;;;2018;1;3;143
A1916;12476;2/09/2022;1;;PEATON;HERIDO;MASCULINO;37;2;1;DG 50  S- KR 60   02;-74.145;4.592;6;2;;;;;157
A1917;12477;2/09/2022;0;1;CONDUCTOR;HERIDO;MASCULINO;39;2;1;DG 50  S- KR 60   02;-74.145;4.592;6;2;;1997;1;2;157
A1918;12478;4/09/2022;1;2;CONDUCTOR;HERIDO;MASCULINO;55;2;1;KR 95 A  - CL 49 C  S 02;-74.184;4.64;7;2;;2019;1;3;134
A1919;12479;4/09/2022;0;1;CICLISTA;HERIDO;MASCULINO;47;2;1;KR 95 A  - CL 49 C  S 02;-74.184;4.64;7;2;;;13;0;134
A1920;12480;2/09/2022;1;2;MOTOCICLISTA;HERIDO;FEMENINO;20;2;1;KR 92  - CL 8 A  02;-74.156;4.655;8;2;;2022;10;3;157
A1921;12481;2/09/2022;0;1;CONDUCTOR;HERIDO;FEMENINO;32;2;1;KR 92  - CL 8 A  02;-74.156;4.655;8;2;;2008;1;3;157
A1922;12482;2/09/2022;1;2;MOTOCICLISTA;HERIDO;MASCULINO;47;2;1;AV AVENIDA BOYACA - CL 35  S 02;-74.14;4.616;8;3;;2020;10;3;157
A1923;12483;2/09/2022;0;1;MOTOCICLISTA;HERIDO;MASCULINO;21;2;1;AV AVENIDA BOYACA - CL 35  S 02;-74.14;4.616;8;3;;2023;10;3;157
A1924;12484;2/09/2022;2;1;ACOMPANANTE;HERIDO;FEMENINO;22;2;1;AV AVENIDA BOYACA - CL 35  S 02;-74.14;4.616;8;3;;2023;10;3;157
A1925;12485;1/09/2022;1;2;MOTOCICLISTA;HERIDO;MASCULINO;31;2;1;KR 17  - CL 69 A  02;-74.137;4.55;19;3;;2022;10;3;104
A1926;12486;1/09/2022;2;2;ACOMPANANTE;HERIDO;FEMENINO;28;2;1;KR 17  - CL 69 A  02;-74.137;4.55;19;3;;2022;10;3;104
A1927;12487;1/09/2022;0;1;CONDUCTOR;HERIDO;MASCULINO;24;2;1;KR 17  - CL 69 A  02;-74.137;4.55;19;3;;1983;1;3;104
A1928;12488;2/08/2022;1;2;CICLISTA;HERIDO;MASCULINO;30;2;1;KR 30  - CL 8   02;-74.096;4.609;14;1;;;13;0;157
A1929;12489;2/08/2022;0;1;MOTOCICLISTA;ILESO;MASCULINO;20;2;1;KR 30  - CL 8   02;-74.096;4.609;14;1;;2016;10;3;157
A1930;12490;3/09/2022;1;2;MOTOCICLISTA;ILESO;MASCULINO;26;3;1;CL 43 A  S- KR 68 i  02;-74.102;4.655;8;;;2020;10;3;112
A1931;12491;3/09/2022;0;1;CONDUCTOR;ILESO;MASCULINO;33;3;1;CL 43 A  S- KR 68 i  02;-74.102;4.655;8;;;2021;5;2;112
A1932;12492;2/09/2022;1;2;CONDUCTOR;ILESO;FEMENINO;39;3;1;CL 24  - KR 66   02;-7.410.507.815;464.806.499.999.997;13;;;2019;5;3;157
A1933;12493;2/09/2022;0;1;CONDUCTOR;ILESO;FEMENINO;32;3;1;CL 24  - KR 66   02;-7.410.507.815;464.806.499.999.997;13;;;2017;5;3;157
A1934;12494;14/09/2022;1;2;CONDUCTOR;HERIDO;MASCULINO;18;2;1;CL 53  - KR 30   02;-74.079;4.643;13;2;;2006;4;2;121
A1935;12495;14/09/2022;0;1;CONDUCTOR;HERIDO;MASCULINO;32;2;1;CL 53  - KR 30   02;-74.079;4.643;13;2;;2022;1;3;121
A1936;12496;14/08/2022;1;2;MOTOCICLISTA;HERIDO;MASCULINO;39;2;1;CL 13  - KR 60   02;-74.112;4.632;16;1;;2022;10;3;112
A1937;12497;14/08/2022;0;1;CONDUCTOR;ILESO;MASCULINO;58;2;1;CL 13  - KR 60   02;-74.112;4.632;16;1;;2013;1;2;112
A1938;12498;15/09/2022;1;2;CONDUCTOR;ILESO;MASCULINO;24;3;1;CL 19  - KR 9   02;-74.073;4.606;3;;;2014;2;2;121
A1939;12499;15/09/2022;0;1;CONDUCTOR;ILESO;MASCULINO;48;3;1;CL 19  - KR 9   02;-74.073;4.606;3;;;2013;1;2;121
A1940;12500;25/09/2022;2;3;CONDUCTOR;ILESO;MASCULINO;43;3;1;CL 17  - KR 96   02;-74.141;4.666;9;;;2020;2;2;121
A1941;12501;25/09/2022;1;2;CONDUCTOR;ILESO;MASCULINO;37;3;1;CL 17  - KR 96   02;-74.141;4.666;9;;;2017;1;1;121
A1942;12502;25/09/2022;0;1;CONDUCTOR;ILESO;FEMENINO;39;3;1;CL 17  - KR 96   02;-74.141;4.666;9;;;2012;1;3;121
A1943;12503;25/09/2022;1;2;CONDUCTOR;ILESO;FEMENINO;49;3;1;AU NORTE - CL 235   02;-74.036;4.812;1;;;2019;1;3;121
A1944;12504;25/09/2022;0;1;CONDUCTOR;ILESO;MASCULINO;50;3;1;AU NORTE - CL 235   02;-74.036;4.812;1;;;2008;5;3;121
A1945;12505;28/09/2022;1;2;CICLISTA;HERIDO;FEMENINO;29;2;1;KR 92 A  - CL 52 B  S 02;-74.185;4.636;7;3;;;13;0;90
A1946;12506;28/09/2022;2;2;ACOMPANANTE;HERIDO;MASCULINO;7;2;1;KR 92 A  - CL 52 B  S 02;-74.185;4.636;7;3;;;13;0;90
A1947;12507;28/09/2022;1;2;CICLISTA;HERIDO;FEMENINO;29;2;1;KR 92 A  - CL 52 B  S 02;-74.185;4.636;7;3;;;13;0;157
A1948;12508;28/09/2022;2;2;ACOMPANANTE;HERIDO;MASCULINO;7;2;1;KR 92 A  - CL 52 B  S 02;-74.185;4.636;7;3;;;13;0;157
A1949;12509;28/09/2022;1;2;CICLISTA;HERIDO;FEMENINO;29;2;1;KR 92 A  - CL 52 B  S 02;-74.185;4.636;7;3;;;13;0;157
A1950;12510;28/09/2022;2;2;ACOMPANANTE;HERIDO;MASCULINO;7;2;1;KR 92 A  - CL 52 B  S 02;-74.185;4.636;7;3;;;13;0;157
A1951;12511;28/09/2022;0;1;CONDUCTOR;HERIDO;MASCULINO;28;2;1;KR 92 A  - CL 52 B  S 02;-74.185;4.636;7;3;;2017;1;3;90
A1952;12512;28/09/2022;0;1;CONDUCTOR;HERIDO;MASCULINO;28;2;1;KR 92 A  - CL 52 B  S 02;-74.185;4.636;7;3;;2017;1;3;157
A1953;12513;28/09/2022;0;1;CONDUCTOR;HERIDO;MASCULINO;28;2;1;KR 92 A  - CL 52 B  S 02;-74.185;4.636;7;3;;2017;1;3;157
A1954;12514;28/09/2022;2;3;CONDUCTOR;ILESO;MASCULINO;55;3;1;KR 30  - CL 63 F  02;-74.078;4.657;12;;;2022;1;3;121
A1955;12515;28/09/2022;1;2;CONDUCTOR;ILESO;MASCULINO;33;3;1;KR 30  - CL 63 F  02;-74.078;4.657;12;;;2007;6;3;121
A1956;12516;28/09/2022;0;1;CONDUCTOR;ILESO;FEMENINO;25;3;1;KR 30  - CL 63 F  02;-74.078;4.657;12;;;2014;5;3;121
A1957;12517;27/09/2022;1;2;CONDUCTOR;ILESO;MASCULINO;21;3;1;CL 101 B B - KR 1 D  E 57;-740.281.965.727;467.535.619;2;;;2009;1;3;121
A1958;12518;27/09/2022;1;2;CONDUCTOR;ILESO;MASCULINO;21;3;1;CL 101 B B - KR 1 D  E 57;-740.281.965.727;467.535.619;2;;;2009;1;3;157
A1959;12519;27/09/2022;0;1;CONDUCTOR;ILESO;MASCULINO;24;3;1;CL 101 B B - KR 1 D  E 57;-740.281.965.727;467.535.619;2;;;2006;1;3;121
A1960;12520;27/09/2022;0;1;CONDUCTOR;ILESO;MASCULINO;24;3;1;CL 101 B B - KR 1 D  E 57;-740.281.965.727;467.535.619;2;;;2006;1;3;157
A1961;12521;10/08/2022;1;2;CONDUCTOR;ILESO;MASCULINO;30;3;1;KR 81  - CL 71 A  S 02;-7.419.448.444.612;46.099.283.081;7;;;2012;2;2;142
A1962;12522;10/08/2022;0;1;CONDUCTOR;ILESO;MASCULINO;34;3;1;KR 81  - CL 71 A  S 02;-7.419.448.444.612;46.099.283.081;7;;;2022;5;2;142
A1963;12523;11/08/2022;1;2;CONDUCTOR;ILESO;MASCULINO;23;3;1;AC 57 R  - KR 76   02;-7.417.865.555.291;459.676.450.805;7;;;2014;1;3;103
A1964;12524;11/08/2022;0;1;CONDUCTOR;ILESO;MASCULINO;24;3;1;AC 57 R  - KR 76   02;-7.417.865.555.291;459.676.450.805;7;;;2007;8;2;103
A1965;12525;11/08/2022;1;2;CONDUCTOR;ILESO;MASCULINO;41;3;1;CL 3  - KR 50   02;-7.411.508.349.364;461.527.112.646;16;;;2011;1;3;121
A1966;12526;11/08/2022;0;1;CONDUCTOR;ILESO;MASCULINO;48;3;1;CL 3  - KR 50   02;-7.411.508.349.364;461.527.112.646;16;;;2014;2;2;121
A1967;12527;17/08/2022;1;;PEATON;HERIDO;MASCULINO;36;2;2;KR 10  - CL 7   02;-74.08;4.596;17;2;;;;;139
A1968;12528;17/08/2022;1;;PEATON;HERIDO;MASCULINO;36;2;2;KR 10  - CL 7   02;-74.08;4.596;17;2;;;;;157
A1969;12529;17/08/2022;1;;PEATON;HERIDO;MASCULINO;36;2;2;KR 10  - CL 7   02;-74.08;4.596;17;2;;;;;411
A1970;12530;17/08/2022;0;1;MOTOCICLISTA;HERIDO;MASCULINO;20;2;2;KR 10  - CL 7   02;-74.08;4.596;17;2;;2020;10;3;139
A1971;12531;17/08/2022;0;1;MOTOCICLISTA;HERIDO;MASCULINO;20;2;2;KR 10  - CL 7   02;-74.08;4.596;17;2;;2020;10;3;157
A1972;12532;17/08/2022;0;1;MOTOCICLISTA;HERIDO;MASCULINO;20;2;2;KR 10  - CL 7   02;-74.08;4.596;17;2;;2020;10;3;411
A1973;12533;18/08/2022;1;2;CONDUCTOR;ILESO;MASCULINO;35;3;1;CL 53  - KR 12   02;-74.065;4.64;2;;;1987;5;3;143
A1974;12534;18/08/2022;0;1;CONDUCTOR;ILESO;MASCULINO;33;3;1;CL 53  - KR 12   02;-74.065;4.64;2;;;2022;1;2;143
A1975;12535;19/08/2022;1;2;CONDUCTOR;ILESO;FEMENINO;56;3;1;CL 127  - AV AVENIDA TRANSVERSAL DE SUBA  02;-74.072;4.711;11;;;2018;6;3;122
A1976;12536;19/08/2022;0;1;MOTOCICLISTA;ILESO;MASCULINO;23;3;1;CL 127  - AV AVENIDA TRANSVERSAL DE SUBA  02;-74.072;4.711;11;;;2019;10;3;122
A1977;12537;19/08/2022;1;2;MOTOCICLISTA;ILESO;;;2;1;KR 19  - CL 12   02;-74.085.316.268;460.604.001.199.999;14;1;;2012;10;3;141
A1978;12538;19/08/2022;2;2;ACOMPANANTE;HERIDO;FEMENINO;23;2;1;KR 19  - CL 12   02;-74.085.316.268;460.604.001.199.999;14;1;;2012;10;3;141
A1979;12539;19/08/2022;1;2;MOTOCICLISTA;ILESO;;;2;1;KR 19  - CL 12   02;-74.085.316.268;460.604.001.199.999;14;1;;2012;10;3;154
A1980;12540;19/08/2022;2;2;ACOMPANANTE;HERIDO;FEMENINO;23;2;1;KR 19  - CL 12   02;-74.085.316.268;460.604.001.199.999;14;1;;2012;10;3;154
A1981;12541;19/08/2022;0;1;CONDUCTOR;ILESO;MASCULINO;58;2;1;KR 19  - CL 12   02;-74.085.316.268;460.604.001.199.999;14;1;;2018;5;3;141
A1982;12542;19/08/2022;0;1;CONDUCTOR;ILESO;MASCULINO;58;2;1;KR 19  - CL 12   02;-74.085.316.268;460.604.001.199.999;14;1;;2018;5;3;154
A1983;12543;21/08/2022;1;2;MOTOCICLISTA;HERIDO;MASCULINO;23;2;1;KR 79 BIS A - CL 73  S 02;-74.199;4.605;7;3;;2016;10;3;122
A1984;12544;21/08/2022;2;2;ACOMPANANTE;HERIDO;FEMENINO;20;2;1;KR 79 BIS A - CL 73  S 02;-74.199;4.605;7;3;;2016;10;3;122
A1985;12545;21/08/2022;0;1;CONDUCTOR;HERIDO;MASCULINO;43;2;1;KR 79 BIS A - CL 73  S 02;-74.199;4.605;7;3;;2013;1;3;122
A1986;12546;19/08/2022;1;2;CICLISTA;HERIDO;MASCULINO;18;2;1;AC 13  - KR 96 G  02;-74.151;4.66;9;2;;;13;0;157
A1987;12547;19/08/2022;0;1;MOTOCICLISTA;HERIDO;MASCULINO;29;2;1;AC 13  - KR 96 G  02;-74.151;4.66;9;2;;2022;10;3;157
A1988;12548;20/08/2022;0;1;CONDUCTOR;ILESO;MASCULINO;30;2;4;KR 69 C  - CL 26  S 02;-74.136;4.615;8;1;;2010;2;2;119
A1989;12549;20/08/2022;1;1;PASAJERO;HERIDO;FEMENINO;53;2;4;KR 69 C  - CL 26  S 02;-74.136;4.615;8;1;;2010;2;2;119
A1990;12550;17/08/2022;1;2;CICLISTA;HERIDO;FEMENINO;26;2;1;CL 42 F  S- KR 93 B  02;-74.177;4.64;8;3;;;13;0;90
A1991;12551;17/08/2022;2;2;ACOMPANANTE;HERIDO;FEMENINO;9;2;1;CL 42 F  S- KR 93 B  02;-74.177;4.64;8;3;;;13;0;90
A1992;12552;17/08/2022;1;2;CICLISTA;HERIDO;FEMENINO;26;2;1;CL 42 F  S- KR 93 B  02;-74.177;4.64;8;3;;;13;0;103
A1993;12553;17/08/2022;2;2;ACOMPANANTE;HERIDO;FEMENINO;9;2;1;CL 42 F  S- KR 93 B  02;-74.177;4.64;8;3;;;13;0;103
A1994;12554;17/08/2022;0;1;CONDUCTOR;HERIDO;MASCULINO;22;2;1;CL 42 F  S- KR 93 B  02;-74.177;4.64;8;3;;2013;1;2;90
A1995;12555;17/08/2022;0;1;CONDUCTOR;HERIDO;MASCULINO;22;2;1;CL 42 F  S- KR 93 B  02;-74.177;4.64;8;3;;2013;1;2;103
A1996;12556;19/08/2022;1;2;CICLISTA;MUERTO;MASCULINO;18;1;1;CL 17  - KR 135   02;-74.169;4.694;9;;1;;13;0;102
A1997;12557;19/08/2022;0;1;CONDUCTOR;ILESO;MASCULINO;40;1;1;CL 17  - KR 135   02;-74.169;4.694;9;;1;2012;9;2;102
A1998;12558;20/08/2022;1;2;CONDUCTOR;ILESO;;;2;1;CL 51  S- KR 5 F  02;-74.121;4.554;18;1;;;1;0;127
A1999;12559;20/08/2022;1;2;CONDUCTOR;ILESO;;;2;1;CL 51  S- KR 5 F  02;-74.121;4.554;18;1;;;1;0;157
A2000;12560;20/08/2022;0;1;CONDUCTOR;HERIDO;MASCULINO;30;2;1;CL 51  S- KR 5 F  02;-74.121;4.554;18;1;;2014;1;2;127
A2001;12561;20/08/2022;0;1;CONDUCTOR;HERIDO;MASCULINO;30;2;1;CL 51  S- KR 5 F  02;-74.121;4.554;18;1;;2014;1;2;157
A2002;12562;18/08/2022;2;;PEATON;HERIDO;MASCULINO;32;2;2;CL 63  - KR 109   02;-74.131;4.699;10;3;;;;;157
A2003;12563;18/08/2022;0;1;MOTOCICLISTA;HERIDO;MASCULINO;31;2;2;CL 63  - KR 109   02;-74.131;4.699;10;3;;2013;10;3;157
A2004;12564;18/08/2022;1;1;ACOMPANANTE;HERIDO;FEMENINO;41;2;2;CL 63  - KR 109   02;-74.131;4.699;10;3;;2013;10;3;157
A2005;12565;20/08/2022;1;2;CONDUCTOR;ILESO;;;2;1;CL 57 R  S- KR 76   02;-74.179;4.597;7;1;;1913;1;3;121
A2006;12566;20/08/2022;0;1;MOTOCICLISTA;HERIDO;MASCULINO;39;2;1;CL 57 R  S- KR 76   02;-74.179;4.597;7;1;;2019;10;3;121
A2007;12567;23/08/2022;0;1;CONDUCTOR;ILESO;MASCULINO;46;2;6;KR 50  - CL 91 A  02;-74.065;4.68;12;1;;2012;2;2;506
A2008;12568;23/08/2022;1;1;PASAJERO;HERIDO;FEMENINO;9;2;6;KR 50  - CL 91 A  02;-74.065;4.68;12;1;;2012;2;2;506
A2009;12569;23/08/2022;0;1;CONDUCTOR;ILESO;MASCULINO;29;2;4;CL 62  S- KR 82 A  02;-74.187;4.615;7;1;;2014;2;2;506
A2010;12570;23/08/2022;1;1;PASAJERO;HERIDO;FEMENINO;65;2;4;CL 62  S- KR 82 A  02;-74.187;4.615;7;1;;2014;2;2;506
A2011;12571;23/08/2022;1;2;CICLISTA;HERIDO;MASCULINO;27;2;1;KR 72 C  - CL 6   02;-74.149;4.632;8;1;;;13;0;157
A2012;12572;23/08/2022;1;2;CICLISTA;HERIDO;MASCULINO;27;2;1;KR 72 C  - CL 6   02;-74.149;4.632;8;1;;;13;0;157
A2013;12573;23/08/2022;0;1;CONDUCTOR;ILESO;MASCULINO;32;2;1;KR 72 C  - CL 6   02;-74.149;4.632;8;1;;2014;2;2;157
A2014;12574;23/08/2022;0;1;CONDUCTOR;ILESO;MASCULINO;32;2;1;KR 72 C  - CL 6   02;-74.149;4.632;8;1;;2014;2;2;157
A2015;12575;23/08/2022;1;2;CONDUCTOR;ILESO;MASCULINO;43;3;1;KR 14  - CL 40   02;-74.068;4.629;2;;;2019;1;3;121
A2016;12576;23/08/2022;0;1;MOTOCICLISTA;ILESO;MASCULINO;40;3;1;KR 14  - CL 40   02;-74.068;4.629;2;;;2019;10;3;121
A2017;12577;25/08/2022;1;2;CONDUCTOR;ILESO;MASCULINO;58;3;1;KR 50  - CL 24   02;-74.097.206.156;4.637.925.908;13;;;1999;5;3;103
A2018;12578;25/08/2022;0;1;CONDUCTOR;ILESO;MASCULINO;45;3;1;KR 50  - CL 24   02;-74.097.206.156;4.637.925.908;13;;;2018;6;3;103
A2019;12579;25/08/2022;1;2;CONDUCTOR;ILESO;MASCULINO;34;3;1;KR 13  - CL 33   02;-7.406.843.202.179;462.018.697.909;3;;;2017;1;2;103
A2020;12580;25/08/2022;0;1;CONDUCTOR;ILESO;MASCULINO;40;3;1;KR 13  - CL 33   02;-7.406.843.202.179;462.018.697.909;3;;;2011;1;3;103
A2021;12581;3/09/2022;0;1;CONDUCTOR;ILESO;MASCULINO;39;3;1;CL 3 B  - KR 41 A  02;-74.112;4.614;16;;;2014;8;2;157
A2022;12582;2/09/2022;1;2;CONDUCTOR;ILESO;MASCULINO;30;3;1;KR 30  - CL 85   02;-74.066;4.675;12;;;1991;4;2;121
A2023;12583;2/09/2022;0;1;CONDUCTOR;ILESO;MASCULINO;37;3;1;KR 30  - CL 85   02;-74.066;4.675;12;;;2021;5;1;121