FORMULARIO;CODIGO_ACCIDENTE;FECHA;CODIGO_VICTIMA;CODIGO_VEHICULO;TIPO_ACTOR;ESTADO;GENERO;EDAD;GRAVEDAD;CLASE_SINIESTRO;DIRECCION;LONGITUD;LATITUD;CODIGO_LOCALIDAD;TOTAL_HERIDOS;TOTAL_MUERTOS;MOD_VEHICULO;CLASE_VEHICULO;SERVICIO_VEHICULO;CODIGO_CAUSA
A2340;12900;17/08/2022;0;1;CONDUCTOR;ILESO;MASCULINO;50;3;1;CL 183  - KR 45 A  02;-74.045;4.761;11;;;2013;5;3;146
A2341;12901;18/08/2022;1;2;CONDUCTOR;ILESO;MASCULINO;52;3;1;AV AVENIDA CIUDAD DE CALI - CL 63   02;-74.114;4.684;10;;;2020;1;2;103
A2342;12902;18/08/2022;0;1;CONDUCTOR;ILESO;MASCULINO;26;3;1;AV AVENIDA CIUDAD DE CALI - CL 63   02;-74.114;4.684;10;;;2013;4;2;103
A2343;12903;18/07/2022;1;2;CONDUCTOR;ILESO;MASCULINO;32;3;1;AC 26  - KR 25   02;-74.079;4.624;13;;;2010;1;2;121
A2344;12904;18/07/2022;0;1;CONDUCTOR;ILESO;MASCULINO;37;3;1;AC 26  - KR 25   02;-74.079;4.624;13;;;2017;1;3;121
A2345;12905;21/08/2022;1;2;CONDUCTOR;ILESO;MASCULINO;49;3;1;CL 6 A  - KR 189 B  02;-74.027;4.766;1;;;2022;1;3;157
A2346;12906;21/08/2022;1;2;CONDUCTOR;ILESO;MASCULINO;49;3;1;CL 6 A  - KR 189 B  02;-74.027;4.766;1;;;2022;1;3;157
A2347;12907;21/08/2022;0;1;CONDUCTOR;ILESO;MASCULINO;19;3;1;CL 6 A  - KR 189 B  02;-74.027;4.766;1;;;2008;5;3;157
A2348;12908;21/08/2022;0;1;CONDUCTOR;ILESO;MASCULINO;19;3;1;CL 6 A  - KR 189 B  02;-74.027;4.766;1;;;2008;5;3;157
A2349;12909;20/08/2022;1;2;CONDUCTOR;ILESO;FEMENINO;29;3;1;CL 70 A  - KR 57   02;-74.079;4.669;12;;;1995;1;3;141
A2350;12910;20/08/2022;1;2;CONDUCTOR;ILESO;FEMENINO;29;3;1;CL 70 A  - KR 57   02;-74.079;4.669;12;;;1995;1;3;154
A2351;12911;20/08/2022;0;1;CONDUCTOR;ILESO;MASCULINO;25;3;1;CL 70 A  - KR 57   02;-74.079;4.669;12;;;2020;5;2;141
A2352;12912;20/08/2022;0;1;CONDUCTOR;ILESO;MASCULINO;25;3;1;CL 70 A  - KR 57   02;-74.079;4.669;12;;;2020;5;2;154
A2353;12913;19/08/2022;0;1;CONDUCTOR;ILESO;;;3;1;CL 75 A  S- KR 14 B  02;-74.117.247.353;451.390.907.899.997;5;;;2020;5;3;157
A2354;12914;21/08/2022;1;;PEATON;HERIDO;MASCULINO;54;2;2;CL 1 B BIS - KR 6  E 02;-74.074;4.58;3;1;;;;;134
A2355;12915;21/08/2022;0;1;CONDUCTOR;ILESO;MASCULINO;62;2;2;CL 1 B BIS - KR 6  E 02;-74.074;4.58;3;1;;2016;1;2;134
A2356;12916;29/08/2022;1;2;MOTOCICLISTA;HERIDO;MASCULINO;21;2;1;AU NORTE - CL 172 A  02;-740.459.224.957;47.534.348.304;1;3;;2016;10;3;103
A2357;12917;29/08/2022;2;2;PASAJERO;HERIDO;FEMENINO;20;2;1;AU NORTE - CL 172 A  02;-740.459.224.957;47.534.348.304;1;3;;2016;10;3;103
A2358;12918;29/08/2022;0;1;CONDUCTOR;HERIDO;FEMENINO;33;2;1;AU NORTE - CL 172 A  02;-740.459.224.957;47.534.348.304;1;3;;2011;5;3;103
A2359;12919;27/08/2022;1;2;CONDUCTOR;ILESO;MASCULINO;38;3;1;CL 80  - KR 100   99;-7.411.231.545.393;471.032.410.521;10;;;2007;5;3;103
A2360;12920;27/08/2022;0;1;CONDUCTOR;ILESO;MASCULINO;22;3;1;CL 80  - KR 100   99;-7.411.231.545.393;471.032.410.521;10;;;2009;1;3;103
A2361;12921;27/08/2022;1;2;CONDUCTOR;ILESO;MASCULINO;71;3;1;KR 69 T  - CL 80   02;-7.408.490.785.697;469.153.554.125;10;;;2009;6;3;157
A2362;12922;27/08/2022;0;1;CONDUCTOR;ILESO;MASCULINO;37;3;1;KR 69 T  - CL 80   02;-7.408.490.785.697;469.153.554.125;10;;;2011;8;2;157
A2363;12923;30/08/2022;1;2;CONDUCTOR;ILESO;;;2;1;KR 88 C  - CL 72  S 02;-74.199.334.361;462.277.830.805;7;1;;2005;1;3;157
A2364;12924;30/08/2022;2;2;ACOMPANANTE;HERIDO;MASCULINO;30;2;1;KR 88 C  - CL 72  S 02;-74.199.334.361;462.277.830.805;7;1;;2005;1;3;157
A2365;12925;30/08/2022;0;1;CONDUCTOR;ILESO;MASCULINO;44;2;1;KR 88 C  - CL 72  S 02;-74.199.334.361;462.277.830.805;7;1;;2014;2;2;157
A2366;12926;30/08/2022;0;1;CONDUCTOR;ILESO;MASCULINO;39;2;4;CL 135 B  - KR 125 C  02;-741.080.625.374;47.425.585.554;11;1;;2015;2;2;157
A2367;12927;30/08/2022;1;1;PASAJERO;HERIDO;FEMENINO;65;2;4;CL 135 B  - KR 125 C  02;-741.080.625.374;47.425.585.554;11;1;;2015;2;2;157
A2368;12928;29/08/2022;0;1;CONDUCTOR;ILESO;;;2;4;AU NORTE - CL 166   02;-7.404.675.578.132;474.723.166.313;1;1;;;1;0;157
A2369;12929;29/08/2022;1;1;PASAJERO;HERIDO;FEMENINO;78;2;4;AU NORTE - CL 166   02;-7.404.675.578.132;474.723.166.313;1;1;;;1;0;157
A2370;12930;29/08/2022;1;2;CONDUCTOR;ILESO;MASCULINO;51;3;1;CL 63  - KR 7 A  02;-740.605.585.622;4.648.366.593;2;;;2015;1;3;134
A2371;12931;29/08/2022;1;2;CONDUCTOR;ILESO;MASCULINO;51;3;1;CL 63  - KR 7 A  02;-740.605.585.622;4.648.366.593;2;;;2015;1;3;141
A2372;12932;29/08/2022;0;1;CONDUCTOR;ILESO;FEMENINO;28;3;1;CL 63  - KR 7 A  02;-740.605.585.622;4.648.366.593;2;;;2020;4;2;134
A2373;12933;29/08/2022;0;1;CONDUCTOR;ILESO;FEMENINO;28;3;1;CL 63  - KR 7 A  02;-740.605.585.622;4.648.366.593;2;;;2020;4;2;141
A2374;12934;30/08/2022;1;2;CONDUCTOR;ILESO;MASCULINO;65;3;1;AV AVENIDA CIUDAD DE VILLAVICENCIO - CL 54 C BIS  02;-741.620.207.265;46.023.356.886;7;;;2020;1;2;121
A2375;12935;30/08/2022;0;1;CONDUCTOR;ILESO;MASCULINO;25;3;1;AV AVENIDA CIUDAD DE VILLAVICENCIO - CL 54 C BIS  02;-741.620.207.265;46.023.356.886;7;;;2013;1;3;121
A2376;12936;29/08/2022;0;1;CONDUCTOR;ILESO;MASCULINO;35;2;4;KR 51  - CL 68 B  S 02;-741.585.045.793;45.803.761.315;19;1;;2015;2;2;143
A2377;12937;29/08/2022;1;1;PASAJERO;HERIDO;FEMENINO;65;2;4;KR 51  - CL 68 B  S 02;-741.585.045.793;45.803.761.315;19;1;;2015;2;2;143
A2378;12938;30/08/2022;1;;PEATON;HERIDO;MASCULINO;16;2;2;KR 14 L L - CL 73  S 13;-741.203.949.323;45.185.638.174;5;1;;;;;157
A2379;12939;30/08/2022;0;1;CONDUCTOR;ILESO;;;2;2;KR 14 L L - CL 73  S 13;-741.203.949.323;45.185.638.174;5;1;;;1;0;157
A2380;12940;30/08/2022;1;2;MOTOCICLISTA;HERIDO;MASCULINO;24;2;1;CL 53  - KR 18   02;-74.069.822.996;46.410.555.513;13;3;;2019;10;3;121
A2381;12941;30/08/2022;0;1;MOTOCICLISTA;HERIDO;MASCULINO;18;2;1;CL 53  - KR 18   02;-74.069.822.996;46.410.555.513;13;3;;2022;10;3;121
A2382;12942;30/08/2022;2;1;ACOMPANANTE;HERIDO;MASCULINO;24;2;1;CL 53  - KR 18   02;-74.069.822.996;46.410.555.513;13;3;;2022;10;3;121
A2383;12943;30/08/2022;2;3;CICLISTA;HERIDO;FEMENINO;17;2;1;KR 58  - CL 67 B  36;-740.815.171.758;46.691.101.307;12;1;;;13;0;104
A2384;12944;30/08/2022;2;3;CICLISTA;HERIDO;FEMENINO;17;2;1;KR 58  - CL 67 B  36;-740.815.171.758;46.691.101.307;12;1;;;13;0;104
A2385;12945;30/08/2022;2;3;CICLISTA;HERIDO;FEMENINO;17;2;1;KR 58  - CL 67 B  36;-740.815.171.758;46.691.101.307;12;1;;;13;0;121
A2386;12946;30/08/2022;1;2;CICLISTA;ILESO;MASCULINO;20;2;1;KR 58  - CL 67 B  36;-740.815.171.758;46.691.101.307;12;1;;;13;0;104
A2387;12947;30/08/2022;1;2;CICLISTA;ILESO;MASCULINO;20;2;1;KR 58  - CL 67 B  36;-740.815.171.758;46.691.101.307;12;1;;;13;0;104
A2388;12948;30/08/2022;1;2;CICLISTA;ILESO;MASCULINO;20;2;1;KR 58  - CL 67 B  36;-740.815.171.758;46.691.101.307;12;1;;;13;0;121
A2389;12949;30/08/2022;0;1;CONDUCTOR;ILESO;MASCULINO;55;2;1;KR 58  - CL 67 B  36;-740.815.171.758;46.691.101.307;12;1;;2004;1;3;104
A2390;12950;30/08/2022;0;1;CONDUCTOR;ILESO;MASCULINO;55;2;1;KR 58  - CL 67 B  36;-740.815.171.758;46.691.101.307;12;1;;2004;1;3;104
A2391;12951;30/08/2022;0;1;CONDUCTOR;ILESO;MASCULINO;55;2;1;KR 58  - CL 67 B  36;-740.815.171.758;46.691.101.307;12;1;;2004;1;3;121
A2392;12952;30/08/2022;2;3;CONDUCTOR;ILESO;MASCULINO;62;3;1;CL 26  - KR 72   02;-741.118.325.498;46.664.188.993;9;;;2014;5;2;157
A2393;12953;30/08/2022;1;2;CONDUCTOR;ILESO;MASCULINO;67;3;1;CL 26  - KR 72   02;-741.118.325.498;46.664.188.993;9;;;2014;1;3;157
A2394;12954;30/08/2022;0;1;CONDUCTOR;ILESO;MASCULINO;59;3;1;CL 26  - KR 72   02;-741.118.325.498;46.664.188.993;9;;;2019;1;2;157
A2395;12955;30/08/2022;1;2;MOTOCICLISTA;HERIDO;MASCULINO;23;2;1;TV 78 C  - CL 6 C  02;-7.414.645.997.469;463.371.277.139;8;2;;2023;10;3;121
A2396;12956;30/08/2022;2;2;ACOMPANANTE;HERIDO;MASCULINO;29;2;1;TV 78 C  - CL 6 C  02;-7.414.645.997.469;463.371.277.139;8;2;;2023;10;3;121
A2397;12957;30/08/2022;0;1;CONDUCTOR;ILESO;MASCULINO;59;2;1;TV 78 C  - CL 6 C  02;-7.414.645.997.469;463.371.277.139;8;2;;2021;2;2;121
A2398;12958;28/08/2022;1;2;CONDUCTOR;HERIDO;MASCULINO;25;2;1;CL 134  - KR 23   02;-740.509.934.875;47.188.024.777;1;2;;2015;1;2;132
A2399;12959;28/08/2022;0;1;MOTOCICLISTA;HERIDO;MASCULINO;30;2;1;CL 134  - KR 23   02;-740.509.934.875;47.188.024.777;1;2;;2022;10;3;132
A2400;12960;31/08/2022;1;2;MOTOCICLISTA;HERIDO;MASCULINO;42;2;1;KR 17  - CL 3   02;-74.088.512.785;4.595.803.058;14;3;;2016;10;3;112
A2401;12961;31/08/2022;2;2;ACOMPANANTE;HERIDO;FEMENINO;45;2;1;KR 17  - CL 3   02;-74.088.512.785;4.595.803.058;14;3;;2016;10;3;112
A2402;12962;31/08/2022;1;2;MOTOCICLISTA;HERIDO;MASCULINO;42;2;1;KR 17  - CL 3   02;-74.088.512.785;4.595.803.058;14;3;;2016;10;3;157
A2403;12963;31/08/2022;2;2;ACOMPANANTE;HERIDO;FEMENINO;45;2;1;KR 17  - CL 3   02;-74.088.512.785;4.595.803.058;14;3;;2016;10;3;157
A2404;12964;31/08/2022;0;1;CONDUCTOR;HERIDO;MASCULINO;59;2;1;KR 17  - CL 3   02;-74.088.512.785;4.595.803.058;14;3;;2019;1;2;112
A2405;12965;31/08/2022;0;1;CONDUCTOR;HERIDO;MASCULINO;59;2;1;KR 17  - CL 3   02;-74.088.512.785;4.595.803.058;14;3;;2019;1;2;157
A2406;12966;1/09/2022;1;2;CICLISTA;HERIDO;MASCULINO;12;2;1;CL 128 BIS - KR 121 C  02;-74.107;4.732;11;1;;;13;0;157
A2407;12967;1/09/2022;0;1;CONDUCTOR;ILESO;MASCULINO;47;2;1;CL 128 BIS - KR 121 C  02;-74.107;4.732;11;1;;2011;1;3;157
A2408;12968;6/09/2022;1;2;CONDUCTOR;ILESO;MASCULINO;46;3;1;AK 68  - CL 12  S 02;-74.126.676.552;461.608.485.699.998;16;;;2017;6;3;116
A2409;12969;6/09/2022;1;2;CONDUCTOR;ILESO;MASCULINO;46;3;1;AK 68  - CL 12  S 02;-74.126.676.552;461.608.485.699.998;16;;;2017;6;3;139
A2410;12970;6/09/2022;0;1;CONDUCTOR;ILESO;MASCULINO;59;3;1;AK 68  - CL 12  S 02;-74.126.676.552;461.608.485.699.998;16;;;2020;2;2;116
A2411;12971;6/09/2022;0;1;CONDUCTOR;ILESO;MASCULINO;59;3;1;AK 68  - CL 12  S 02;-74.126.676.552;461.608.485.699.998;16;;;2020;2;2;139
A2412;12972;5/09/2022;1;2;CONDUCTOR;ILESO;FEMENINO;62;3;1;KR 69 B  - CL 37 B  S 02;-74.14;4.612;8;;;2023;1;3;112
A2413;12973;5/09/2022;0;1;CONDUCTOR;ILESO;MASCULINO;30;3;1;KR 69 B  - CL 37 B  S 02;-74.14;4.612;8;;;1973;4;3;112
A2414;12974;6/09/2022;1;2;CONDUCTOR;ILESO;MASCULINO;44;3;1;KR 68  - CL 63   02;-74.094;4.666;12;;;1997;6;3;121
A2415;12975;6/09/2022;0;1;CONDUCTOR;ILESO;MASCULINO;65;3;1;KR 68  - CL 63   02;-74.094;4.666;12;;;2021;1;3;121
A2416;12976;5/09/2022;1;2;CONDUCTOR;ILESO;FEMENINO;47;3;1;CL 80  - KR 98   02;-74.111;4.709;10;;;2014;1;3;157
A2417;12977;5/09/2022;1;2;CONDUCTOR;ILESO;FEMENINO;47;3;1;CL 80  - KR 98   02;-74.111;4.709;10;;;2014;1;3;157
A2418;12978;5/09/2022;0;1;CONDUCTOR;ILESO;MASCULINO;58;3;1;CL 80  - KR 98   02;-74.111;4.709;10;;;2015;5;2;157
A2419;12979;5/09/2022;0;1;CONDUCTOR;ILESO;MASCULINO;58;3;1;CL 80  - KR 98   02;-74.111;4.709;10;;;2015;5;2;157
A2420;12980;6/09/2022;1;2;CONDUCTOR;ILESO;MASCULINO;43;3;1;CL 72  - KR 69 A  02;-74.089;4.681;10;;;2021;8;2;103
A2421;12981;6/09/2022;0;1;CONDUCTOR;ILESO;MASCULINO;31;3;1;CL 72  - KR 69 A  02;-74.089;4.681;10;;;2021;2;2;103
A2422;12982;6/09/2022;1;2;CONDUCTOR;ILESO;MASCULINO;67;3;1;KR 13 B  E- CL 42 C  S 02;-74.118;4.571;4;;;2010;1;2;104
A2423;12983;6/09/2022;0;1;CONDUCTOR;ILESO;MASCULINO;36;3;1;KR 13 B  E- CL 42 C  S 02;-74.118;4.571;4;;;2014;2;2;104
A2424;12984;6/09/2022;1;2;CONDUCTOR;ILESO;MASCULINO;55;3;1;AU SUR - KR 59 A  02;-74.149;4.595;8;;;2011;1;3;112
A2425;12985;6/09/2022;1;2;CONDUCTOR;ILESO;MASCULINO;55;3;1;AU SUR - KR 59 A  02;-74.149;4.595;8;;;2011;1;3;127
A2426;12986;6/09/2022;0;1;CONDUCTOR;ILESO;MASCULINO;49;3;1;AU SUR - KR 59 A  02;-74.149;4.595;8;;;2012;4;2;112
A2427;12987;6/09/2022;0;1;CONDUCTOR;ILESO;MASCULINO;49;3;1;AU SUR - KR 59 A  02;-74.149;4.595;8;;;2012;4;2;127
A2428;12988;5/09/2022;1;2;MOTOCICLISTA;ILESO;FEMENINO;37;3;1;CL 13  - KR 104   02;-74.155;4.67;9;;;2013;10;3;150
A2429;12989;5/09/2022;0;1;CONDUCTOR;ILESO;MASCULINO;31;3;1;CL 13  - KR 104   02;-74.155;4.67;9;;;2002;1;3;150
A2430;12990;8/09/2022;1;2;CONDUCTOR;ILESO;MASCULINO;34;3;1;CL 13  - AV AVENIDA BOYACA  02;-74.128;4.648;9;;;2006;1;2;157
A2431;12991;8/09/2022;1;2;CONDUCTOR;ILESO;MASCULINO;34;3;1;CL 13  - AV AVENIDA BOYACA  02;-74.128;4.648;9;;;2006;1;2;157
A2432;12992;8/09/2022;0;1;CONDUCTOR;ILESO;MASCULINO;36;3;1;CL 13  - AV AVENIDA BOYACA  02;-74.128;4.648;9;;;2008;1;3;157
A2433;12993;8/09/2022;0;1;CONDUCTOR;ILESO;MASCULINO;36;3;1;CL 13  - AV AVENIDA BOYACA  02;-74.128;4.648;9;;;2008;1;3;157
A2434;12994;10/09/2022;1;2;CONDUCTOR;ILESO;MASCULINO;59;3;1;KR 24  - CL 13   02;-74.088;4.611;14;;;2021;2;2;103
A2435;12995;10/09/2022;0;1;CONDUCTOR;ILESO;MASCULINO;58;3;1;KR 24  - CL 13   02;-74.088;4.611;14;;;2013;5;3;103
A2436;12996;11/09/2022;1;2;CONDUCTOR;ILESO;MASCULINO;40;3;1;CL 42 B  S- KR 82 B  02;-74.12;4.683;9;;;1997;1;3;104
A2437;12997;11/09/2022;1;2;CONDUCTOR;ILESO;MASCULINO;40;3;1;CL 42 B  S- KR 82 B  02;-74.12;4.683;9;;;1997;1;3;115
A2438;12998;11/09/2022;0;1;CONDUCTOR;ILESO;MASCULINO;31;3;1;CL 42 B  S- KR 82 B  02;-74.12;4.683;9;;;2015;1;2;104
A2439;12999;11/09/2022;0;1;CONDUCTOR;ILESO;MASCULINO;31;3;1;CL 42 B  S- KR 82 B  02;-74.12;4.683;9;;;2015;1;2;115
A2440;13000;8/09/2022;1;2;CONDUCTOR;ILESO;MASCULINO;31;3;1;CL 134  - KR 53 C  02;-74.06;4.721;11;;;2020;5;2;121
A2441;13001;8/09/2022;0;1;CONDUCTOR;ILESO;MASCULINO;49;3;1;CL 134  - KR 53 C  02;-74.06;4.721;11;;;2012;5;3;121
A2442;13002;10/09/2022;0;1;CONDUCTOR;ILESO;FEMENINO;48;3;1;KR 170  - AV AVENIDA BOYACA  02;-74.066;4.761;11;;;2013;5;3;157
A2443;13003;11/09/2022;1;2;CONDUCTOR;ILESO;FEMENINO;44;3;1;CL 73  S- KR 104   02;-74.206;4.637;7;;;2007;1;3;114
A2444;13004;11/09/2022;1;2;CONDUCTOR;ILESO;FEMENINO;44;3;1;CL 73  S- KR 104   02;-74.206;4.637;7;;;2007;1;3;157
A2445;13005;11/09/2022;0;1;CONDUCTOR;ILESO;FEMENINO;34;3;1;CL 73  S- KR 104   02;-74.206;4.637;7;;;2011;1;3;114
A2446;13006;11/09/2022;0;1;CONDUCTOR;ILESO;FEMENINO;34;3;1;CL 73  S- KR 104   02;-74.206;4.637;7;;;2011;1;3;157
A2447;13007;10/09/2022;0;1;CONDUCTOR;ILESO;FEMENINO;34;3;1;KR 19 C  - CL 53 B  S 02;-74.132;4.569;6;;;2022;1;3;121
A2448;13008;11/09/2022;1;2;CONDUCTOR;ILESO;MASCULINO;58;3;1;CL 48 P  S- KR 5 J  02;-74.112;4.555;18;;;2015;1;3;122
A2449;13009;11/09/2022;0;1;CONDUCTOR;ILESO;MASCULINO;43;3;1;CL 48 P  S- KR 5 J  02;-74.112;4.555;18;;;2021;2;2;122
A2450;13010;12/09/2022;1;2;MOTOCICLISTA;HERIDO;MASCULINO;22;2;1;KR 94 G  - CL 93   02;-74.098;4.716;10;1;;2016;10;3;104
A2451;13011;12/09/2022;0;1;CONDUCTOR;ILESO;FEMENINO;57;2;1;KR 94 G  - CL 93   02;-74.098;4.716;10;1;;2008;5;2;104
A2452;13012;12/09/2022;1;2;CONDUCTOR;ILESO;MASCULINO;40;3;1;KR 68  - CL 63   02;-74.093;4.666;12;;;2012;7;2;157
A2453;13013;12/09/2022;1;2;CONDUCTOR;ILESO;MASCULINO;40;3;1;KR 68  - CL 63   02;-74.093;4.666;12;;;2012;7;2;157
A2454;13014;12/09/2022;0;1;CONDUCTOR;ILESO;MASCULINO;30;3;1;KR 68  - CL 63   02;-74.093;4.666;12;;;2009;4;2;157
A2455;13015;12/09/2022;0;1;CONDUCTOR;ILESO;MASCULINO;30;3;1;KR 68  - CL 63   02;-74.093;4.666;12;;;2009;4;2;157
A2456;13016;12/09/2022;1;2;MOTOCICLISTA;ILESO;MASCULINO;42;3;1;CL 129  - KR 91   02;-74.089;4.724;11;;;2019;10;3;121
A2457;13017;12/09/2022;0;1;CONDUCTOR;ILESO;MASCULINO;48;3;1;CL 129  - KR 91   02;-74.089;4.724;11;;;2002;1;3;121
A2458;13018;16/09/2022;0;1;CONDUCTOR;MUERTO;MASCULINO;39;1;1;KR 110  - DG 86 A  02;-74.111;4.721;10;;2;1994;1;3;157
A2459;13019;16/09/2022;1;1;ACOMPANANTE;MUERTO;FEMENINO;35;1;1;KR 110  - DG 86 A  02;-74.111;4.721;10;;2;1994;1;3;157
A2460;13020;13/09/2022;1;2;MOTOCICLISTA;HERIDO;MASCULINO;31;2;1;CL 45 A  S- KR 60 F  02;-74.145;4.595;6;2;;2023;10;3;98
A2461;13021;13/09/2022;2;2;ACOMPANANTE;HERIDO;FEMENINO;31;2;1;CL 45 A  S- KR 60 F  02;-74.145;4.595;6;2;;2023;10;3;98
A2462;13022;13/09/2022;0;1;CONDUCTOR;ILESO;MASCULINO;43;2;1;CL 45 A  S- KR 60 F  02;-74.145;4.595;6;2;;2014;2;2;98
A2463;13023;14/09/2022;1;2;CONDUCTOR;ILESO;MASCULINO;31;3;1;KR 106  - CL 78 B  02;-74.118;4.713;10;;;2018;4;2;157
A2464;13024;14/09/2022;1;2;CONDUCTOR;ILESO;MASCULINO;31;3;1;KR 106  - CL 78 B  02;-74.118;4.713;10;;;2018;4;2;157
A2465;13025;14/09/2022;0;1;CONDUCTOR;ILESO;MASCULINO;64;3;1;KR 106  - CL 78 B  02;-74.118;4.713;10;;;2019;1;2;157
A2466;13026;14/09/2022;0;1;CONDUCTOR;ILESO;MASCULINO;64;3;1;KR 106  - CL 78 B  02;-74.118;4.713;10;;;2019;1;2;157
A2467;13027;14/09/2022;1;2;CONDUCTOR;ILESO;MASCULINO;33;3;1;AV AVENIDA BOYACA - CL 40  S 02;-74.143.234.761;4.602.508.758;8;;;2021;2;2;121
A2468;13028;14/09/2022;0;1;CONDUCTOR;ILESO;MASCULINO;28;3;1;AV AVENIDA BOYACA - CL 40  S 02;-74.143.234.761;4.602.508.758;8;;;2013;4;2;121
A2469;13029;14/09/2022;1;2;CONDUCTOR;ILESO;MASCULINO;49;3;1;CL 26  - KR 86   02;-74.119.392.993;467.928.692.599.997;9;;;2022;5;2;121
A2470;13030;14/09/2022;0;1;CONDUCTOR;ILESO;MASCULINO;29;3;1;CL 26  - KR 86   02;-74.119.392.993;467.928.692.599.997;9;;;2019;1;1;121
A2471;13031;14/09/2022;1;2;CONDUCTOR;ILESO;MASCULINO;37;3;1;CL 80  - KR 104   02;-74.115;4.713;10;;;2012;1;3;103
A2472;13032;14/09/2022;0;1;CONDUCTOR;ILESO;MASCULINO;46;3;1;CL 80  - KR 104   02;-74.115;4.713;10;;;2015;9;2;103
A2473;13033;15/09/2022;1;2;CONDUCTOR;ILESO;MASCULINO;36;3;1;CL 68  S- KR 51   02;-74.157;4.581;19;;;2014;2;2;157
A2474;13034;15/09/2022;1;2;CONDUCTOR;ILESO;MASCULINO;36;3;1;CL 68  S- KR 51   02;-74.157;4.581;19;;;2014;2;2;157
A2475;13035;15/09/2022;0;1;CONDUCTOR;ILESO;MASCULINO;38;3;1;CL 68  S- KR 51   02;-74.157;4.581;19;;;2010;1;2;157
A2476;13036;15/09/2022;0;1;CONDUCTOR;ILESO;MASCULINO;38;3;1;CL 68  S- KR 51   02;-74.157;4.581;19;;;2010;1;2;157
A2477;13037;15/09/2022;1;2;CONDUCTOR;ILESO;MASCULINO;36;3;1;CL 17  - KR 112   02;-74.152;4.68;9;;;1996;4;2;103
A2478;13038;15/09/2022;0;1;CONDUCTOR;ILESO;MASCULINO;31;3;1;CL 17  - KR 112   02;-74.152;4.68;9;;;2011;1;3;103
A2479;13039;1/09/2022;1;2;CONDUCTOR;HERIDO;MASCULINO;23;2;1;AK 68  - CL 53   02;-74.096;4.663;13;4;;2008;6;3;112
A2480;13040;1/09/2022;2;2;PASAJERO;HERIDO;MASCULINO;22;2;1;AK 68  - CL 53   02;-74.096;4.663;13;4;;2008;6;3;112
A2481;13041;1/09/2022;3;2;PASAJERO;HERIDO;MASCULINO;23;2;1;AK 68  - CL 53   02;-74.096;4.663;13;4;;2008;6;3;112
A2482;13042;1/09/2022;1;2;CONDUCTOR;HERIDO;MASCULINO;23;2;1;AK 68  - CL 53   02;-74.096;4.663;13;4;;2008;6;3;112
A2483;13043;1/09/2022;2;2;PASAJERO;HERIDO;MASCULINO;22;2;1;AK 68  - CL 53   02;-74.096;4.663;13;4;;2008;6;3;112
A2484;13044;1/09/2022;3;2;PASAJERO;HERIDO;MASCULINO;23;2;1;AK 68  - CL 53   02;-74.096;4.663;13;4;;2008;6;3;112
A2485;13045;1/09/2022;0;1;CONDUCTOR;HERIDO;MASCULINO;39;2;1;AK 68  - CL 53   02;-74.096;4.663;13;4;;2013;5;2;112
A2486;13046;1/09/2022;0;1;CONDUCTOR;HERIDO;MASCULINO;39;2;1;AK 68  - CL 53   02;-74.096;4.663;13;4;;2013;5;2;112
A2487;13047;29/08/2022;1;2;CONDUCTOR;ILESO;MASCULINO;33;2;1;KR 7  - CL 27   02;-74.069.358.029;461.369.103.200.002;3;1;;2015;2;2;157
A2488;13048;29/08/2022;1;2;CONDUCTOR;ILESO;MASCULINO;33;2;1;KR 7  - CL 27   02;-74.069.358.029;461.369.103.200.002;3;1;;2015;2;2;157
A2489;13049;29/08/2022;0;1;CICLISTA;HERIDO;FEMENINO;26;2;1;KR 7  - CL 27   02;-74.069.358.029;461.369.103.200.002;3;1;;;13;0;157
A2490;13050;29/08/2022;0;1;CICLISTA;HERIDO;FEMENINO;26;2;1;KR 7  - CL 27   02;-74.069.358.029;461.369.103.200.002;3;1;;;13;0;157
A2491;13051;30/08/2022;1;;PEATON;HERIDO;FEMENINO;26;2;2;CL 64  S- KR 22   02;-74.147;4.566;19;3;;;;;157
A2492;13052;30/08/2022;2;;PEATON;HERIDO;FEMENINO;26;2;2;CL 64  S- KR 22   02;-74.147;4.566;19;3;;;;;157
A2493;13053;30/08/2022;0;1;MOTOCICLISTA;HERIDO;MASCULINO;35;2;2;CL 64  S- KR 22   02;-74.147;4.566;19;3;;2012;10;3;157
A2494;13054;14/09/2022;1;2;CONDUCTOR;ILESO;MASCULINO;54;2;1;KR 3  E- CL 91   02;-74.048;4.65;2;1;;2020;5;3;132
A2495;13055;14/09/2022;0;1;MOTOCICLISTA;HERIDO;MASCULINO;20;2;1;KR 3  E- CL 91   02;-74.048;4.65;2;1;;2021;10;2;132
A2496;13056;13/09/2022;1;2;CONDUCTOR;ILESO;MASCULINO;24;3;1;CL 63  - KR 28   02;-74.076;4.652;13;;;2013;1;2;121
A2497;13057;13/09/2022;0;1;CONDUCTOR;ILESO;MASCULINO;43;3;1;CL 63  - KR 28   02;-74.076;4.652;13;;;2015;2;2;121
A2498;13058;14/09/2022;1;2;MOTOCICLISTA;HERIDO;MASCULINO;40;2;1;AK 50  - CL 29 C  S 02;-74.093;4.641;16;1;;2023;10;2;103